index,GithubReposityLink
4,https://github.com/bennedich/bennedich.github.io
9,https://github.com/nov/nov.github.io
11,https://github.com/MyArthuritis/myarthuritis.github.io
13,https://github.com/tomasx/tomasx.github.io
15,https://github.com/atduskgreg/atduskgreg.github.io
16,https://github.com/qichanghai/qichanghai.github.io
19,https://github.com/Pana/Pana.github.io
21,https://github.com/paulosman/paulosman.github.io
22,https://github.com/enyo/enyo.github.io
24,https://github.com/wicker/wicker.github.io
27,https://github.com/dva/dva.github.io
28,https://github.com/lucianocosta/lucianocosta.github.io
29,https://github.com/zacclark/zacclark.github.io
37,https://github.com/yegrb/yegrb.github.io
39,https://github.com/danlentz/danlentz.github.io
40,https://github.com/hazzik/hazzik.github.io
41,https://github.com/lihuiba/lihuiba.github.io
42,https://github.com/leavehm/leavehm.github.io
43,https://github.com/kalkin7/kalkin7.github.io
44,https://github.com/jpcaruana/jpcaruana.github.io
45,https://github.com/phatblat/phatblat.github.io.bak
47,https://github.com/errordeveloper/errordeveloper.github.io
48,https://github.com/CodingDojo/codingdojo.github.io
49,https://github.com/tsabat/tsabat.github.io
50,https://github.com/folsen/folsen.github.io
51,https://github.com/LeafGrass/leafgrass.github.io
52,https://github.com/mstrcnvs/mstrcnvs.github.io
53,https://github.com/monteslu/monteslu.github.io
54,https://github.com/mitio/mitio.github.io
55,https://github.com/myw/myw.github.io
57,https://github.com/livingston/livingston.github.io
58,https://github.com/dkerwin/dkerwin.github.io
61,https://github.com/3rd-Eden/3rd-eden.github.io
64,https://github.com/mcramm/mcramm.github.io
65,https://github.com/douglarek/douglarek.github.io
66,https://github.com/kozy4324/kozy4324.github.io
67,https://github.com/g-k/g-k.github.io
68,https://github.com/laoyang945/laoyang945.github.io
69,https://github.com/maxsz/maxsz.github.io
71,https://github.com/ansible/ansible.github.com
72,https://github.com/ejholmes/ejholmes.github.io
73,https://github.com/totalrehab-pt/totalrehab-pt.github.io
74,https://github.com/michaelsembwever/michaelsembwever.github.io
78,https://github.com/dmpayton/dmpayton.github.io
81,https://github.com/DavyLandman/davylandman.github.io
86,https://github.com/Bishop/bishop.github.io
90,https://github.com/jugglingnutcase/jugglingnutcase.github.io
94,https://github.com/maplebeats/maplebeats.github.io
95,https://github.com/xchataqua/xchataqua.github.io
97,https://github.com/meatinleather/b0oh.github.io
99,https://github.com/zer0her0/zer0her0.github.io
101,https://github.com/usmanity/git-shortener
102,https://github.com/gbraad/gbraad.github.io
104,https://github.com/victusfate/victusfate.github.io
107,https://github.com/rsenk330/rsenk330.github.io
108,https://github.com/markfinger/markfinger.github.io
113,https://github.com/dogancelik/dogancelik.github.io
114,https://github.com/nicopolyptic/nicopolyptic.github.io
115,https://github.com/foca/foca.github.io
118,https://github.com/northofthree/northofthree.github.io
123,https://github.com/gregmarra/gregmarra.github.io
124,https://github.com/NARKOZ/narkoz.github.io
127,https://github.com/f1vlad/f1vlad.github.io
129,https://github.com/wkang/wkang.github.io
130,https://github.com/mossnz/mossnz.github.io
132,https://github.com/coffeescript-cookbook/coffeescript-cookbook.github.io
133,https://github.com/sirupsen/sirupsen.github.io
138,https://github.com/jbw/jbw.github.io
142,https://github.com/tjwallace/tjwallace.github.io
145,https://github.com/juliamae/juliamae.github.io
146,https://github.com/joshtaylor/joshtaylor.github.io
147,https://github.com/tnm/redis-site
149,https://github.com/splodingsocks/splodingsocks.github.io
150,https://github.com/lyle/lyle.github.io
151,https://github.com/mangege/mangege.github.io
152,https://github.com/shedd/shedd.github.io
155,https://github.com/kentbrew/kentbrew.github.io
162,https://github.com/pkozelka/pkozelka.github.io
163,https://github.com/mihahribar/mihahribar.github.io
164,https://github.com/Jell/jawaninja
165,https://github.com/sillyotter/sillyotter.github.io
168,https://github.com/aespinosa/aespinosa.github.io
178,https://github.com/hirak/hirak.github.io
181,https://github.com/SKAhack/skahack.github.io
184,https://github.com/yusukebe/yusukebe.github.io
185,https://github.com/rf-/rf-.github.io
187,https://github.com/kylehg/kylehg.github.io
189,https://github.com/joshmoore/joshmoore.github.io
192,https://github.com/charliek/charliek.github.io
193,https://github.com/sophsec/sophsec.github.io
194,https://github.com/trevorgerhardt/trevorgerhardt.github.io
195,https://github.com/xiaoleiy/idealab.github.io
197,https://github.com/pacebl/pacebl.github.io
198,https://github.com/leeluolee/leeluolee.github.io
201,https://github.com/rubyftw/rubyftw.org
207,https://github.com/gopinutakki/gopinutakki.github.io
208,https://github.com/mwunsch/mwunsch.github.io
209,https://github.com/mjgiarlo/mjgiarlo.github.io
213,https://github.com/dinomite/dinomite.github.io
214,https://github.com/martinisoft/martinisoft.github.io
216,https://github.com/cocoahero/gitio
220,https://github.com/zabbal/zabbal.github.io
222,https://github.com/free1002/Lockets-py
223,https://github.com/manuelp/manuelp.github.io
224,https://github.com/kaliningrad/kaliningrad.github.io
225,https://github.com/jamesan/jamesan.github.io
226,https://github.com/egeloen/egeloen.github.io
2,https://github.com/otzoran/openstack-grizzly-installer
3,https://github.com/daFish/Zend_Service_Itunes
6,https://github.com/erikh/gap-docs
9,https://github.com/jmcdermott/chronicle
10,https://github.com/troywill/Grant-Linux-Server
11,https://github.com/williamjxj/wordpress_blog_template
13,https://github.com/mwangm/Manual
14,https://github.com/matbu/testingdoc
16,https://github.com/dominic-p/videojs-resolution-selector
17,https://github.com/pjmlp/queue
20,https://github.com/joshwalters/VIM-as-an-IDE
23,https://github.com/tlvb/usefold
24,https://github.com/palcu/leo-manual
25,https://github.com/audiohacked/audiohacked
28,https://github.com/wolfeidau/opensolaris-documentation
31,https://github.com/emsrc/algraeph
32,https://github.com/LamiDuDeveloppeur/mce-tag-button-wordpress
35,https://github.com/CEnsink/CHP_Documents
38,https://github.com/sugestio/documentation
40,https://github.com/marcinwyszynski/flex_ticker
43,https://github.com/ivanzhangwb/ManualInterpose
44,https://github.com/rekursiv/stepperature
45,https://github.com/thawatchai/classstart-user-manual
47,https://github.com/obeattie/pdfminer
50,https://github.com/NothingInteractive/contao-geodomains
51,https://github.com/sentric/hannibal
59,https://github.com/videojuicer/core-api-docs
67,https://github.com/geojeff/kotti_user_manual
68,https://github.com/tobiastom/dockit
69,https://github.com/sharifulin/pod2-ru
70,https://github.com/benaldred/cssdoc
71,https://github.com/vbellur/gfid
74,https://github.com/mattsfrey/GSRS
77,https://github.com/cacounicamp/Manual-do-Bixo
78,https://github.com/cdzombak/man-asardone
82,https://github.com/awakecoding/RdpConfig
84,https://github.com/pipolindo/petxines
85,https://github.com/rkrzr/dataset-random
89,https://github.com/dprevost/errorparser
92,https://github.com/Mironor/Play-2.0-Java-MongoDb-Jackson-exemple
93,https://github.com/d3designs/mdocs
95,https://github.com/sincoder/sinpeloader
97,https://github.com/stevedonovan/LDoc
98,https://github.com/rmanalan/bdoc
99,https://github.com/has3/ftwManual
101,https://github.com/Rhaptos/Products.ZPsycopgDA
102,https://github.com/hermannloose/cfcss-samples
103,https://github.com/JoshAshby/BOB-Documentation
104,https://github.com/PierreJasmin/manuals
105,https://github.com/prasad-joshi/skiena
106,https://github.com/tradero/windev
108,https://github.com/RedTeamCOSC470/Documentation
109,https://github.com/skade/yard-test
110,https://github.com/garaemon/warashi
111,https://github.com/apache/servicemix-documentation
114,https://github.com/amaurymartiny/Aff
116,https://github.com/Kotti/kotti_user_manual
120,https://github.com/pdurusau/manual
123,https://github.com/Mendor/sublime-erlyman
125,https://github.com/danilosouzajesus/ExecutionManager
129,https://github.com/mmcgrana/fleetdb.org
130,https://github.com/oManual/omanual
131,https://github.com/yamanetoshi/linux-kernel-doc
132,https://github.com/sequelize/doc
133,https://github.com/ILDAR9/Android-lessons
134,https://github.com/zhangzr1026/manual56
139,https://github.com/Manfred/ruby-encoding
140,https://github.com/andreyslyusar/testDrivenStudy
148,https://github.com/DimShadoWWW/svn2git_manual
150,https://github.com/jsdoc3/jsdoc
151,https://github.com/breunigs/manual-geotag
152,https://github.com/chargify/docs.chargify.com
153,https://github.com/bluehawk/kohanut-doc
154,https://github.com/benoitc/couchdocs
157,https://github.com/freddix/help2man
159,https://github.com/tolbrino/CTO-Manual
161,https://github.com/SenecaAutomation/IntrosManual
162,https://github.com/tomrittervg/simple-crypto-pack
166,https://github.com/MiguDeveloper/SQL-Server-2012-Guia
167,https://github.com/bonndan/molcomponents-manual
168,https://github.com/Gozala/jsdocs
170,https://github.com/srse/impress-js-article-extensions
172,https://github.com/walkingsparrow/tests
173,https://github.com/docsxx/docs.github.com
174,https://github.com/bmad/appmap
176,https://github.com/jackweinbender/sblhs-latex
177,https://github.com/Anakeen/dynacase-doc-dashboard-reference
181,https://github.com/hugowetterberg/svpt-vs-swtw
184,https://github.com/yazgoo/mt5_extraction_tools
190,https://github.com/dmp1ce/ownersmanual
195,https://github.com/davidB/yascaladt-doc
196,https://github.com/asimlqt/unity-lens-php
197,https://github.com/rickysaltzer/impala-refresher
198,https://github.com/essrand/Turiya
201,https://github.com/silverstripe-archive/silverstripe-gridfieldajaxrefresh
202,https://github.com/choan/jsdoctoolkit-tmbundle
204,https://github.com/philip/php_rst
211,https://github.com/jtza8/Lispdoc
212,https://github.com/becsarb/2107_MensSuitManualComplete
213,https://github.com/jmendivil/moodle-Docs
215,https://github.com/Anakeen/dynacase-doc-document-grid-reference
219,https://github.com/xiaoyongzi/P5WeiboAPI
221,https://github.com/Cyb3rNet/CW-GCC
222,https://github.com/andrewcwright/MMAskingForInfo
224,https://github.com/gshipley/origin_manual
225,https://github.com/benjaminlong/ARInteractiveManual
227,https://github.com/leesavide/abcplus
228,https://github.com/nazgyl/BeanIntegration
229,https://github.com/snufkin/allegf1
0,https://github.com/kapehliv/homework2
1,https://github.com/CinderellaLee/Proj-200905070330
2,https://github.com/jam1015/550400.homeworkset1
4,https://github.com/ulmangt/csi747
6,https://github.com/liamartinez/iOS-Dev-homework
7,https://github.com/naamsupicha/homework..2
8,https://github.com/deGravity/coursera
9,https://github.com/btomj80/HW1
11,https://github.com/philss/newvision
12,https://github.com/KWMalik/Homework-3
13,https://github.com/rsiwady29/Udacity
15,https://github.com/oryband/homework
19,https://github.com/vcelloho/500400.homeworkset.1
20,https://github.com/pixelles/mtm1531-homework-1
24,https://github.com/copyrenzhe/maple
25,https://github.com/estherbester/smc-c
26,https://github.com/Agent007/Homework1
28,https://github.com/shubhra16/DM-HW2
31,https://github.com/thomas7/Homework_Five
34,https://github.com/ajayrkp/Day4
39,https://github.com/artkirienko/int-flip
40,https://github.com/mdarling/495-hw2
42,https://github.com/azat-archive/homework-ta
46,https://github.com/gregsqueeb/JS-Panagram-Helper
48,https://github.com/JHPutre/bma-week-5
50,https://github.com/daf24b3e-c142-4dad-8184-dea0cc6b1f9d/2958d7fb-00bf-412f-94a2-80f2225a4e65
51,https://github.com/smpardo/homework
58,https://github.com/bpwong/Homework02
60,https://github.com/brianduncan/CMPE297HW1
63,https://github.com/sp0rus/Turing
64,https://github.com/colin-dumitru/Java
65,https://github.com/NaNaMarin/SVA_Javascript_Class
66,https://github.com/weh/7-in-7
70,https://github.com/amillerrhodes/CS445-Homework
71,https://github.com/shibani/Homework01
73,https://github.com/kaminp/homework2
74,https://github.com/davll/homework_report
77,https://github.com/DexNA/Homework1
79,https://github.com/pixelles/mtm1531-homework-6
81,https://github.com/antifeng/Homework1
82,https://github.com/zwy1135/Homework
86,https://github.com/chervand/MI-RUB-HW
87,https://github.com/otzy007/tema2pp-HaskellRobot
90,https://github.com/allangj/ServerThreat
92,https://github.com/peachvich/homework2
94,https://github.com/adfuhr/homework4
95,https://github.com/rtieu001/GEN220
96,https://github.com/Sporran/myrottenpotatoes
97,https://github.com/valik-plunk/SaaS-course
100,https://github.com/JohnCai/Homework
102,https://github.com/n2squared/SVA_homework
103,https://github.com/naamsupicha/homework.2
105,https://github.com/Kaijun/Udacity-Homework
106,https://github.com/UnknownGuardian/EgyptianType
115,https://github.com/nickrod518/csci373-quest7
118,https://github.com/sskatzz/Homework
119,https://github.com/ElectronBoy/hw2_rottenpotatoes
122,https://github.com/bxtr/calc_java
125,https://github.com/nmorel/homework
127,https://github.com/vasily-knk/cg-homeworks-xna
128,https://github.com/zhendanzhu/550400homeworkset1
129,https://github.com/xinli2012/homework
130,https://github.com/falafelsizing/homework4
133,https://github.com/jasnow/rotten_potatoes
134,https://github.com/rl1987/CS193p-Homework-3
138,https://github.com/MelinkJL/HW02
139,https://github.com/Azure-Vani/homework
140,https://github.com/Somruethai/homework4
141,https://github.com/kaitklochkova/Kaitklochkova-s-homework
142,https://github.com/jacktrobinson/homework10
145,https://github.com/knight360/homework
148,https://github.com/poppornpeetapa/Homework2_1
153,https://github.com/kar2905/hw1-kmandavi
156,https://github.com/olyaandrosik/homework1
157,https://github.com/abhaysharma/mtm1526-homework-6
159,https://github.com/dimroc/homeworkjunkie_egp
160,https://github.com/george8880/homework1
161,https://github.com/tfranks/TerrieFranks
163,https://github.com/Demoscai/CS-homework
164,https://github.com/deckerbd/HW2
166,https://github.com/ravikiran438/hwfinal
168,https://github.com/bobboau-crossfire/project1
169,https://github.com/IsaacZhi/coursera
171,https://github.com/sandkingpop/Homework2
175,https://github.com/ChristineCat/day04
176,https://github.com/deckerbd/Homework1
179,https://github.com/lencse/Numerical-analysis-2011
180,https://github.com/iesac/homework
183,https://github.com/CBMiami019/Homework02
184,https://github.com/BrianU/homework_1
190,https://github.com/bearprada/f5-android-practice
191,https://github.com/vcha/hw0-vchahune
193,https://github.com/jameswilliamiii/ProblemChildApp
194,https://github.com/evanl/APC524_homework03
197,https://github.com/LakshayaG73/CIS-120-
204,https://github.com/dingym/Homework
211,https://github.com/gryerson/homework
212,https://github.com/sesho/Homework-10-5
213,https://github.com/aidashadifar/my-homework
214,https://github.com/vanilles/homework2
216,https://github.com/SvetlinVladov/Homework
217,https://github.com/CinderellaLee/test
220,https://github.com/Csoliz/Python-code
224,https://github.com/bichiliad/Homework-4
226,https://github.com/adam-m-mcelhinney/MCS507Homework4
229,https://github.com/iolab12/iolab_hw_1
1,https://github.com/google/zimu
3,https://github.com/apache/maven-scm
4,https://github.com/baidu/ueditor
5,https://github.com/google/google-api-ruby-client-samples
6,https://github.com/google/dart-sync-socket
8,https://github.com/apache/directory-shared
11,https://github.com/padrino/padrino-framework
13,https://github.com/apache/maven-mercury
14,https://github.com/google/traceur-compiler
16,https://github.com/apache/maven-resources
17,https://github.com/apache/continuum
19,https://github.com/google/pixelcycle-sample-app
21,https://github.com/apache/maven-doxia
22,https://github.com/google/developer.github.com
23,https://github.com/google/html-quiz
24,https://github.com/google/perf_api.dart
25,https://github.com/facebook/libphenom
27,https://github.com/apache/tika
29,https://github.com/google/firmata.py
33,https://github.com/apache/maven-jxr
36,https://github.com/apache/lucenenet
37,https://github.com/google/module-server
38,https://github.com/apache/tapestry3
39,https://github.com/apache/felix
40,https://github.com/apache/roller
41,https://github.com/spring-projects/spring-framework
44,https://github.com/apache/apr
47,https://github.com/google/streamy-dart
48,https://github.com/apache/harmony-drlvm
51,https://github.com/facebook/pyre2
52,https://github.com/apache/etch
54,https://github.com/apache/tapestry4
57,https://github.com/apache/maven-repository-tools
58,https://github.com/google/go-github
60,https://github.com/apache/shindig
65,https://github.com/google/auto
66,https://github.com/apache/directory-project
67,https://github.com/google/episodes.dart
69,https://github.com/google/build-debian-cloud
73,https://github.com/apache/harmony-jdktools
74,https://github.com/apache/abdera
76,https://github.com/apache/struts1
84,https://github.com/apache/couchdb
87,https://github.com/google/concatenate.js
88,https://github.com/apache/harmony-classlib
90,https://github.com/google/qpp
92,https://github.com/apache/openjpa
93,https://github.com/apache/maven-skins
94,https://github.com/apache/maven-sandbox
96,https://github.com/google/namebench
98,https://github.com/apache/tapestry5
104,https://github.com/google/autoparse
105,https://github.com/apache/maven-shared
106,https://github.com/google/CSP-Validator
109,https://github.com/apache/ofbiz
112,https://github.com/apache/maven-plugin-tools
118,https://github.com/apache/cassandra
123,https://github.com/apache/maven-doxia-tools
124,https://github.com/facebook/watchman
128,https://github.com/google/lmctfy
129,https://github.com/apache/maven-archetype
130,https://github.com/google/patchfield
131,https://github.com/google/gumbo-parser
134,https://github.com/apache/jspwiki
136,https://github.com/facebook/rocksdb
137,https://github.com/google/open-gantry
138,https://github.com/apache/apr-iconv
140,https://github.com/baidu/bfs
141,https://github.com/apache/directory-studio
142,https://github.com/apache/sanselan
145,https://github.com/goaop/framework
150,https://github.com/google/googletv-android-samples
151,https://github.com/apache/maven
153,https://github.com/apache/maven-site
154,https://github.com/google/libcxx
155,https://github.com/google/uri.dart
156,https://github.com/baidu/fis
157,https://github.com/google/pinject
158,https://github.com/facebook/open-graph-protocol
160,https://github.com/facebook/jcommon
162,https://github.com/google/signet
168,https://github.com/apache/directory-clients
170,https://github.com/apache/directory-daemon
174,https://github.com/apache/apr-util
175,https://github.com/apache/directory-installers
177,https://github.com/google/vector_math.dart
179,https://github.com/baidu/iot-edge-sdk-for-iot-parser
183,https://github.com/apache/sling
184,https://github.com/google/cxx-std-draft
185,https://github.com/google/google-api-ruby-client
187,https://github.com/google/google-api-nodejs-client
190,https://github.com/accord-net/framework
191,https://github.com/google/gwtmockito
195,https://github.com/google/testRunner
197,https://github.com/apache/struts-maven
198,https://github.com/apache/maven-pom
200,https://github.com/google/quiver-dart
201,https://github.com/google/gwteventbinder
204,https://github.com/google/pepper.js
206,https://github.com/apache/cayenne
208,https://github.com/facebook/nifty
210,https://github.com/facebook/hhvm
211,https://github.com/apache/maven-enforcer
213,https://github.com/google/self-hosted-rss-to-email
214,https://github.com/google/ansicolor-dart
217,https://github.com/facebook/chef-utils
218,https://github.com/apache/maven-plugin-testing
221,https://github.com/apache/nutch
223,https://github.com/robotlegs/robotlegs-framework
224,https://github.com/google/safevarargs
225,https://github.com/apache/pig
227,https://github.com/apache/httpd
228,https://github.com/facebook/facebook-oss-pom
6,https://github.com/cfenollosa/os-tutorial
12,https://github.com/sawmac/css2e
15,https://github.com/USUCS2610/lectures
16,https://github.com/DreamingInBinary/GettingStartedWithSafariViewController
19,https://github.com/stoive/pythontutorial
20,https://github.com/jakubkulhan/cc16-java-intro
23,https://github.com/ot4i/iib-tutorials
28,https://github.com/kogakure/gulp-tutorial
30,https://github.com/Flynsarmy/laravel-5-todo-tutorial
31,https://github.com/DaweiCheng/isotope-tutorial
35,https://github.com/paulrobertlloyd/roadtrip
36,https://github.com/toniomg/TutorialParseBaaS
38,https://github.com/TheErk/CMake-tutorial
39,https://github.com/desymfony/desymfony
40,https://github.com/scottbromander/express_passport_lecture_start
41,https://github.com/feedhenry-training/App-Anatomy
42,https://github.com/Rockncoder/TwitterTutorial
43,https://github.com/amejiarosario/Backbone-tutorial
44,https://github.com/parrt/msan501
46,https://github.com/ric03uec/nodeblox
52,https://github.com/wdi-sf-jan-2014/notes
53,https://github.com/mcconkiee/EMHint
55,https://github.com/clarissalittler/backbone-tutorials
56,https://github.com/coolAlias/Forge_Tutorials
57,https://github.com/carpedm20/awesome-hacking
59,https://github.com/AgilData/mesos-docker-tutorial
62,https://github.com/felixge/node-memory-leak-tutorial
67,https://github.com/tanallnight/MaterialTutorial
71,https://github.com/fonnesbeck/scipy2014_tutorial
72,https://github.com/dexteryy/JSMatchismo
75,https://github.com/commonsguy/cw-lunchlist
79,https://github.com/owainlewis/awesome-artificial-intelligence
81,https://github.com/iancooper/Microservices-Tutorial
83,https://github.com/torch/tutorials
86,https://github.com/empenguinxh/emacs-tutorial-in-chinese
90,https://github.com/Moskize91/TaolanTutorial
93,https://github.com/sivaprasadreddy/springboot-tutorials
98,https://github.com/learn-co-students/ruby-lecture-reading-error-messages-ruby-intro-kwk
99,https://github.com/csulb-cecs282-2015sp/lectures
100,https://github.com/groupme/bot-tutorial-nodejs
106,https://github.com/ResearchComputing/Final_Tutorials
107,https://github.com/vaadin/designer-tutorials
112,https://github.com/StevenSLXie/Tutorials-for-Web-Developers
118,https://github.com/mateuszmalinowski/visual_turing_test-tutorial
123,https://github.com/egaga/openvim
124,https://github.com/ros-visualization/visualization_tutorials
125,https://github.com/michaelcheng429/meanstacktutorial
126,https://github.com/ashteya/ionic2-tutorial-pouchdb
130,https://github.com/ropensci/user2016-tutorial
131,https://github.com/casper-astro/tutorials_devel
134,https://github.com/codeship/jet-tutorial
135,https://github.com/tjluoma/John-Cleese-on-Creativity
136,https://github.com/RobinThrift/metalsmith-tutorial
138,https://github.com/Pakillo/R-GIS-tutorial
139,https://github.com/Cornell-CS5356-Fall2015/cs5356
141,https://github.com/DanieleP/PA3-tutorial
146,https://github.com/SomMeri/org.meri.jpa.tutorial
147,https://github.com/allenwong/MakeIconsWithSketch
148,https://github.com/lucasderraugh/AppleProg-Cocoa-Tutorials
149,https://github.com/HHS-IntroProgramming/ggame-tutorials
150,https://github.com/prigazzi/slider-jquery
152,https://github.com/BioinformaticsSpring2015/BioinformaticsMaterials
153,https://github.com/mattvague/three20-iPhone-tutorials
154,https://github.com/gmazza/blog-samples
155,https://github.com/maxfarseer/redux-ru-tutorial
156,https://github.com/ccoenraets/ionic-tutorial
157,https://github.com/colorfest/angularjs
158,https://github.com/CodingRainbow/Rainbow-Code
164,https://github.com/HandasaimSoftwareProject/GitHubTutorial
167,https://github.com/shekhargulati/java8-the-missing-tutorial
171,https://github.com/nikkobautista/laravel-tutorial
172,https://github.com/cloudera/mapreduce-tutorial
173,https://github.com/dnouri/kfkd-tutorial
175,https://github.com/INFO-498F/lecture-10-exercises
177,https://github.com/jocicmarko/kaggle-dsb2-keras
178,https://github.com/in28minutes/MavenIn28Minutes
179,https://github.com/reinis-berzins/tutorial-files
184,https://github.com/DjangoGirls/tutorial
185,https://github.com/Brackeys/Tower-Defense-Tutorial
190,https://github.com/riggaroo/MaterialIntroTutorial
195,https://github.com/rougier/numpy-tutorial
201,https://github.com/cboden/Ratchet-examples
208,https://github.com/gmum/python-lecture
209,https://github.com/thejakeyboy/umich-eecs545-lectures
215,https://github.com/nitnelave/pycaffe_tutorial
222,https://github.com/tfredrich/RestApiTutorial.com
224,https://github.com/NETTUTS/Using-Faye-As-A-Real-Time-Push-Server-In-Rails
226,https://github.com/gelmitsu/AdvancedEngineeringMaterials
227,https://github.com/megharastogi/GameTutorial
229,https://github.com/hortonworks/hadoop-tutorials
0,https://github.com/yangboz/UFOSightings
1,https://github.com/unorthodox123/RacialDotMap
2,https://github.com/DeepInTheCode/HackHou
4,https://github.com/wltrimbl/testrepo-2013-06-chicago
6,https://github.com/murz/million-song-sandbox
7,https://github.com/zarino/type-in-some-data-tool
14,https://github.com/priya-I/AOMining
16,https://github.com/andreirusu/netlogo-cluster-viewer
17,https://github.com/hiyeshin/dataset
18,https://github.com/hromi/SMILEsmileD
22,https://github.com/Netrimos/DS2JSON
24,https://github.com/adamancini/html5-dataset
27,https://github.com/bitliner/Dataset01
28,https://github.com/davesnowdon/nao-datasets
32,https://github.com/osdf/datasets
33,https://github.com/cioc/UnHackathon-Doom
34,https://github.com/jfelectron/Statiscal-analysis-of-large-biologial-datasets
35,https://github.com/bbc/rdfspace
38,https://github.com/gunnarmorling/scriptable-dataset
40,https://github.com/leogrim/cs229_yelp_bayesian_rating
41,https://github.com/e9t/uci-datasets
43,https://github.com/courtneypk/CIBMTR-DBtC-Data-Scramble
44,https://github.com/treyhunner/databundles
45,https://github.com/Swizec/github-nightowls
47,https://github.com/straup/naturalearth-tools
50,https://github.com/awatson1978/dataset-customers
52,https://github.com/brian-cleary/LatentStrainAnalysis
54,https://github.com/mainehackerclub/bangor
55,https://github.com/dancoates/locationcomplete
59,https://github.com/njakob/leukemia
62,https://github.com/derekeder/Socrata-to-FusionTables
74,https://github.com/sneumann/mtbls2
77,https://github.com/sgauria/mnist
78,https://github.com/nohuhu/Ext.ux.data.proxy.PagingMemory
80,https://github.com/dalloliogm/bio-test-datasets-repository
84,https://github.com/log0/wine_quality_data_set
85,https://github.com/mauricesvay/Routino
87,https://github.com/kennethreitz/tablib
92,https://github.com/chrismale/elasticsearch-spatial-dataset
93,https://github.com/Hydriz/Balchivist
96,https://github.com/awatson1978/d3-flare-demo
101,https://github.com/wavebane/random_dataset
106,https://github.com/seemuth/moodle-local_dataseteditor
108,https://github.com/aliuy/grphin
109,https://github.com/okfn/opendatasites
115,https://github.com/ulmangt/climate-change-data
116,https://github.com/rkempter/collaborative-filtering-recommander
119,https://github.com/amergin/neo4j-import
121,https://github.com/kwstat/agridat
122,https://github.com/kevinsigwart/AGOL_MultiDimTemplate
123,https://github.com/ryanve/dope
124,https://github.com/sumanvyj/yelp-review-classifier
125,https://github.com/yl790/MNIST-related-code
126,https://github.com/letitia/song-lyric-analysis
131,https://github.com/mboos/future-gtfs
132,https://github.com/vertex/TucsonAPI
133,https://github.com/mboos/grt-gtfs
135,https://github.com/HelloWorldCN/MapReduceMine
137,https://github.com/ThomasAllanLamb/n-camera
138,https://github.com/iaperez/DataMiningProject-WhoMadeThatMovie
140,https://github.com/Q1I/solrsearch
145,https://github.com/baoilleach/Kirchmair-dataset
147,https://github.com/openMVG/ImageDataset_SceauxCastle
150,https://github.com/kwijibo/RDF-Dataset-Combiner
152,https://github.com/andreirusu/csv2torch-datasets
154,https://github.com/amcclosky/mysql-export
156,https://github.com/johnb30/eventscale
158,https://github.com/thibaudcolas/stringtouri
162,https://github.com/datasets/house-prices-uk
166,https://github.com/j-pastor/koala
167,https://github.com/peeppullerits/phpunit-yaml-dataset-helper
169,https://github.com/qualiancy/seed-riak
171,https://github.com/dimatura/hdf5opencv
173,https://github.com/cernoch/SM-Mutagen
175,https://github.com/aaronstanton/sumatch
176,https://github.com/willu47/ExpertElicitation
178,https://github.com/toprach/eurostat_r
179,https://github.com/foxrw/Data
180,https://github.com/bendaizer/movielens-neo4j
181,https://github.com/obsoleter/datatables
183,https://github.com/JoelQ/hystorical
188,https://github.com/gionn/freenas-zfs-backup
192,https://github.com/rdelbru/trec-entity-tool
195,https://github.com/twigkit/worldfactbook-dataset
197,https://github.com/bcollier/Pig-Analysis---Wikipedia-Dataset
202,https://github.com/ankush1123roy/SVM
203,https://github.com/cyardley/DBLP-LinkAnalysis
204,https://github.com/chrissng/SGPubTransit
207,https://github.com/salmonhabitat/data
210,https://github.com/smdmustaffa/Apriori
213,https://github.com/tummykung/yelp-dataset-challenge
215,https://github.com/untidy-hair/DB_to_Fixtures
220,https://github.com/memaldi/LDClassifier
222,https://github.com/imagem/GeoDataToolkit
223,https://github.com/sitecorepm/DataSetsModule
224,https://github.com/otilas/matching
