https://github.com/apache/continuum,DEV
https://github.com/dmpayton/dmpayton.github.io,WEB
https://github.com/gregsqueeb/JS-Panagram-Helper,HW
https://github.com/amergin/neo4j-import,DEV
https://github.com/evanl/APC524_homework03,HW
https://github.com/cfenollosa/os-tutorial,EDU
https://github.com/google/html-quiz,DEV
https://github.com/rsiwady29/Udacity,HW
https://github.com/shekhargulati/java8-the-missing-tutorial,EDU
https://github.com/ankush1123roy/SVM,DEV
https://github.com/LamiDuDeveloppeur/mce-tag-button-wordpress,DEV
https://github.com/jameswilliamiii/ProblemChildApp,HW
https://github.com/chrismale/elasticsearch-spatial-dataset,DATA
https://github.com/foca/foca.github.io,WEB
https://github.com/freddix/help2man,?
https://github.com/ropensci/user2016-tutorial,EDU
https://github.com/palcu/leo-manual,?
https://github.com/deGravity/coursera,HW
https://github.com/rf-/rf-.github.io,WEB
https://github.com/facebook/chef-utils,DEV
https://github.com/mjgiarlo/mjgiarlo.github.io,WEB
https://github.com/jmendivil/moodle-Docs,DOCS
https://github.com/sophsec/sophsec.github.io,WEB
https://github.com/wkang/wkang.github.io,WEB
https://github.com/google/ansicolor-dart,DEV
https://github.com/UnknownGuardian/EgyptianType,HW
https://github.com/google/firmata.py,DEV
https://github.com/tolbrino/CTO-Manual,DOCS
https://github.com/tomasx/tomasx.github.io,WEB
https://github.com/StevenSLXie/Tutorials-for-Web-Developers,EDU
https://github.com/AgilData/mesos-docker-tutorial,EDU
https://github.com/gionn/freenas-zfs-backup,DEV
https://github.com/google/signet,DEV
https://github.com/andreirusu/csv2torch-datasets,DEV
https://github.com/aliuy/grphin,?
https://github.com/michaelsembwever/michaelsembwever.github.io,WEB
https://github.com/g-k/g-k.github.io,WEB
https://github.com/naamsupicha/homework.2,HW
https://github.com/JoshAshby/BOB-Documentation,DOCS
https://github.com/rkrzr/dataset-random,DATA
https://github.com/Manfred/ruby-encoding,DOCS
https://github.com/weh/7-in-7,HW
https://github.com/copyrenzhe/maple,HW
https://github.com/facebook/rocksdb,DEV
https://github.com/DavyLandman/davylandman.github.io,WEB
https://github.com/ulmangt/climate-change-data,DATA
https://github.com/apache/maven-skins,DEV
https://github.com/DeepInTheCode/HackHou,?
https://github.com/bonndan/molcomponents-manual,DOCS
https://github.com/prasad-joshi/skiena,?
https://github.com/facebook/hhvm,DEV
https://github.com/colorfest/angularjs,EDU
https://github.com/parrt/msan501,EDU
https://github.com/riggaroo/MaterialIntroTutorial,EDU
https://github.com/IsaacZhi/coursera,HW
https://github.com/felixge/node-memory-leak-tutorial,EDU
https://github.com/emsrc/algraeph,DEV
https://github.com/yusukebe/yusukebe.github.io,WEB
https://github.com/seemuth/moodle-local_dataseteditor,DEV
https://github.com/markfinger/markfinger.github.io,WEB
https://github.com/geojeff/kotti_user_manual,DOCS
https://github.com/salmonhabitat/data,DATA
https://github.com/gopinutakki/gopinutakki.github.io,WEB
https://github.com/stoive/pythontutorial,EDU
https://github.com/qichanghai/qichanghai.github.io,WEB
https://github.com/clarissalittler/backbone-tutorials,EDU
https://github.com/troywill/Grant-Linux-Server,?
https://github.com/coolAlias/Forge_Tutorials,EDU
https://github.com/splodingsocks/splodingsocks.github.io,WEB
https://github.com/vcha/hw0-vchahune,HW
https://github.com/williamjxj/wordpress_blog_template,?
https://github.com/awatson1978/dataset-customers,DEV
https://github.com/breunigs/manual-geotag,DEV
https://github.com/pjmlp/queue,DEV
https://github.com/Flynsarmy/laravel-5-todo-tutorial,EDU
https://github.com/ResearchComputing/Final_Tutorials,EDU
https://github.com/ravikiran438/hwfinal,HW
https://github.com/davll/homework_report,HW
https://github.com/derekeder/Socrata-to-FusionTables,DEV
https://github.com/gunnarmorling/scriptable-dataset,?
https://github.com/wavebane/random_dataset,DATA
https://github.com/has3/ftwManual,DOCS
https://github.com/datasets/house-prices-uk,DATA
https://github.com/chervand/MI-RUB-HW,HW
https://github.com/Pana/Pana.github.io,WEB
https://github.com/TheErk/CMake-tutorial,EDU
https://github.com/mateuszmalinowski/visual_turing_test-tutorial,EDU
https://github.com/victusfate/victusfate.github.io,WEB
https://github.com/LeafGrass/leafgrass.github.io,WEB
https://github.com/Pakillo/R-GIS-tutorial,EDU
https://github.com/ILDAR9/Android-lessons,?
https://github.com/feedhenry-training/App-Anatomy,EDU
https://github.com/mattvague/three20-iPhone-tutorials,EDU
https://github.com/cdzombak/man-asardone,DOCS
https://github.com/apache/maven-shared,DEV
https://github.com/jfelectron/Statiscal-analysis-of-large-biologial-datasets,DEV
https://github.com/google/autoparse,DEV
https://github.com/joshwalters/VIM-as-an-IDE,DOCS
https://github.com/george8880/homework1,HW
https://github.com/knight360/homework,HW
https://github.com/apache/abdera,DEV
https://github.com/chrissng/SGPubTransit,DATA
https://github.com/apache/etch,DEV
https://github.com/smdmustaffa/Apriori,DEV
https://github.com/danlentz/danlentz.github.io,WEB
https://github.com/lyle/lyle.github.io,WEB
https://github.com/google/testRunner,DEV
https://github.com/google/open-gantry,DEV
https://github.com/Kaijun/Udacity-Homework,HW
https://github.com/google/cxx-std-draft,DEV
https://github.com/xinli2012/homework,HW
https://github.com/rmanalan/bdoc,DEV
https://github.com/jocicmarko/kaggle-dsb2-keras,EDU
https://github.com/sp0rus/Turing,HW
https://github.com/gregmarra/gregmarra.github.io,WEB
https://github.com/carpedm20/awesome-hacking,EDU
https://github.com/gshipley/origin_manual,DOCS
https://github.com/iolab12/iolab_hw_1,HW
https://github.com/unorthodox123/RacialDotMap,DEV
https://github.com/gmum/python-lecture,EDU
https://github.com/megharastogi/GameTutorial,EDU
https://github.com/pkozelka/pkozelka.github.io,WEB
https://github.com/laoyang945/laoyang945.github.io,WEB
https://github.com/dprevost/errorparser,DEV
https://github.com/daf24b3e-c142-4dad-8184-dea0cc6b1f9d/2958d7fb-00bf-412f-94a2-80f2225a4e65,HW
https://github.com/JHPutre/bma-week-5,HW
https://github.com/zer0her0/zer0her0.github.io,WEB
https://github.com/lihuiba/lihuiba.github.io,WEB
https://github.com/google/streamy-dart,DEV
https://github.com/michaelcheng429/meanstacktutorial,EDU
https://github.com/e9t/uci-datasets,DATA
https://github.com/facebook/nifty,DEV
https://github.com/3rd-Eden/3rd-eden.github.io,WEB
https://github.com/tobiastom/dockit,DEV
https://github.com/johnb30/eventscale,DEV
https://github.com/NothingInteractive/contao-geodomains,DEV
https://github.com/jacktrobinson/homework10,HW
https://github.com/google/perf_api.dart,DEV
https://github.com/google/pinject,DEV
https://github.com/DreamingInBinary/GettingStartedWithSafariViewController,EDU
https://github.com/chargify/docs.chargify.com,DOCS
https://github.com/dominic-p/videojs-resolution-selector,DEV
https://github.com/mdarling/495-hw2,HW
https://github.com/gbraad/gbraad.github.io,WEB
https://github.com/aaronstanton/sumatch,DEV
https://github.com/tummykung/yelp-dataset-challenge,?
https://github.com/csulb-cecs282-2015sp/lectures,EDU
https://github.com/google/concatenate.js,DEV
https://github.com/BrianU/homework_1,HW
https://github.com/wolfeidau/opensolaris-documentation,DOCS
https://github.com/sentric/hannibal,DEV
https://github.com/cloudera/mapreduce-tutorial,EDU
https://github.com/ros-visualization/visualization_tutorials,EDU
https://github.com/cyardley/DBLP-LinkAnalysis,?
https://github.com/sillyotter/sillyotter.github.io,WEB
https://github.com/google/google-api-ruby-client,DEV
https://github.com/asimlqt/unity-lens-php,DOCS
https://github.com/lucianocosta/lucianocosta.github.io,WEB
https://github.com/meatinleather/b0oh.github.io,WEB
https://github.com/sawmac/css2e,EDU
https://github.com/Csoliz/Python-code,HW
https://github.com/google/qpp,DEV
https://github.com/CinderellaLee/Proj-200905070330,HW
https://github.com/mboos/grt-gtfs,DATA
https://github.com/vbellur/gfid,DEV
https://github.com/google/self-hosted-rss-to-email,?
https://github.com/kwijibo/RDF-Dataset-Combiner,DEV
https://github.com/walkingsparrow/tests,?
https://github.com/garaemon/warashi,DEV
https://github.com/hortonworks/hadoop-tutorials,EDU
https://github.com/rtieu001/GEN220,HW
https://github.com/brian-cleary/LatentStrainAnalysis,DEV
https://github.com/apache/struts-maven,DEV
https://github.com/baidu/ueditor,DEV
https://github.com/hirak/hirak.github.io,WEB
https://github.com/rl1987/CS193p-Homework-3,HW
https://github.com/CEnsink/CHP_Documents,DOCS
https://github.com/becsarb/2107_MensSuitManualComplete,DOCS
https://github.com/Moskize91/TaolanTutorial,EDU
https://github.com/apache/maven-doxia-tools,DEV
https://github.com/apache/continuum,DEV
https://github.com/facebook/watchman,DEV
https://github.com/learn-co-students/ruby-lecture-reading-error-messages-ruby-intro-kwk,EDU
https://github.com/goaop/framework,DEV
https://github.com/apache/directory-studio,DEV
https://github.com/sskatzz/Homework,HW
https://github.com/hromi/SMILEsmileD,DEV
https://github.com/yamanetoshi/linux-kernel-doc,DOCS
https://github.com/apache/harmony-drlvm,DEV
https://github.com/stevedonovan/LDoc,DEV
https://github.com/facebook/pyre2,DEV
https://github.com/nicopolyptic/nicopolyptic.github.io,WEB
https://github.com/pixelles/mtm1531-homework-1,HW
https://github.com/bendaizer/movielens-neo4j,?
https://github.com/CBMiami019/Homework02,HW
https://github.com/apache/maven-sandbox,DEV
https://github.com/jamesan/jamesan.github.io,WEB
https://github.com/jbw/jbw.github.io,WEB
https://github.com/amillerrhodes/CS445-Homework,HW
https://github.com/yl790/MNIST-related-code,DEV
https://github.com/NARKOZ/narkoz.github.io,WEB
https://github.com/apache/felix,DEV
https://github.com/Rockncoder/TwitterTutorial,EDU
https://github.com/n2squared/SVA_homework,HW
https://github.com/egaga/openvim,EDU
https://github.com/maxsz/maxsz.github.io,WEB
https://github.com/google/build-debian-cloud,DEV
https://github.com/spring-projects/spring-framework,DEV
https://github.com/shubhra16/DM-HW2,HW
https://github.com/google/namebench,DEV
https://github.com/obsoleter/datatables,?
https://github.com/reinis-berzins/tutorial-files,EDU
https://github.com/monteslu/monteslu.github.io,WEB
https://github.com/free1002/Lockets-py,DEV
https://github.com/MiguDeveloper/SQL-Server-2012-Guia,DOCS
https://github.com/iesac/homework,HW
https://github.com/vcelloho/500400.homeworkset.1,HW
https://github.com/pipolindo/petxines,DOCS
https://github.com/sivaprasadreddy/springboot-tutorials,EDU
https://github.com/DexNA/Homework1,HW
https://github.com/amaurymartiny/Aff,DEV
https://github.com/apache/pig,DEV
https://github.com/mainehackerclub/bangor,DATA
https://github.com/daFish/Zend_Service_Itunes,DEV
https://github.com/ThomasAllanLamb/n-camera,DEV
https://github.com/joshtaylor/joshtaylor.github.io,WEB
https://github.com/apache/tapestry3,DEV
https://github.com/tanallnight/MaterialTutorial,EDU
https://github.com/dimroc/homeworkjunkie_egp,DEV
https://github.com/google/google-api-nodejs-client,DEV
https://github.com/apache/cayenne,DEV
https://github.com/rsenk330/rsenk330.github.io,WEB
https://github.com/USUCS2610/lectures,EDU
https://github.com/erikh/gap-docs,DOCS
https://github.com/davidB/yascaladt-doc,DOCS
https://github.com/google/pixelcycle-sample-app,DEV
https://github.com/vanilles/homework2,HW
https://github.com/charliek/charliek.github.io,WEB
https://github.com/NaNaMarin/SVA_Javascript_Class,HW
https://github.com/Q1I/solrsearch,?
https://github.com/brianduncan/CMPE297HW1,HW
https://github.com/zhangzr1026/manual56,DOCS
https://github.com/fonnesbeck/scipy2014_tutorial,EDU
https://github.com/vaadin/designer-tutorials,EDU
https://github.com/google/gwteventbinder,DEV
https://github.com/PierreJasmin/manuals,DOCS
https://github.com/baidu/fis,DEV
https://github.com/INFO-498F/lecture-10-exercises,EDU
https://github.com/Swizec/github-nightowls,DEV
https://github.com/kaliningrad/kaliningrad.github.io,WEB
https://github.com/google/auto,DEV
https://github.com/tlvb/usefold,?
https://github.com/docsxx/docs.github.com,DOCS
https://github.com/snufkin/allegf1,DOCS
https://github.com/CodingRainbow/Rainbow-Code,?
https://github.com/colin-dumitru/Java,HW
https://github.com/accord-net/framework,DEV
https://github.com/leogrim/cs229_yelp_bayesian_rating,DEV
https://github.com/vertex/TucsonAPI,?
https://github.com/Gozala/jsdocs,DEV
https://github.com/apache/apr,DEV
https://github.com/dingym/Homework,HW
https://github.com/kapehliv/homework2,HW
https://github.com/treyhunner/databundles,DATA
https://github.com/amejiarosario/Backbone-tutorial,EDU
https://github.com/myw/myw.github.io,WEB
https://github.com/wicker/wicker.github.io,WEB
https://github.com/Hydriz/Balchivist,DEV
https://github.com/kevinsigwart/AGOL_MultiDimTemplate,?
https://github.com/zacclark/zacclark.github.io,WEB
https://github.com/rougier/numpy-tutorial,EDU
https://github.com/HelloWorldCN/MapReduceMine,?
https://github.com/xiaoyongzi/P5WeiboAPI,DEV
https://github.com/apache/maven-resources,DEV
https://github.com/Cyb3rNet/CW-GCC,DOCS
https://github.com/apache/sling,DEV
https://github.com/apache/tapestry5,DEV
https://github.com/Bishop/bishop.github.io,WEB
https://github.com/nazgyl/BeanIntegration,?
https://github.com/kozy4324/kozy4324.github.io,WEB
https://github.com/ot4i/iib-tutorials,EDU
https://github.com/maplebeats/maplebeats.github.io,WEB
https://github.com/sneumann/mtbls2,DATA
https://github.com/desymfony/desymfony,EDU
https://github.com/toprach/eurostat_r,DEV
https://github.com/valik-plunk/SaaS-course,HW
https://github.com/antifeng/Homework1,HW
https://github.com/ElectronBoy/hw2_rottenpotatoes,HW
https://github.com/yegrb/yegrb.github.io,WEB
https://github.com/rickysaltzer/impala-refresher,DEV
https://github.com/hiyeshin/dataset,DATA
https://github.com/kalkin7/kalkin7.github.io,WEB
https://github.com/dimatura/hdf5opencv,DEV
https://github.com/JohnCai/Homework,HW
https://github.com/Kotti/kotti_user_manual,DOCS
https://github.com/falafelsizing/homework4,HW
https://github.com/btomj80/HW1,HW
https://github.com/courtneypk/CIBMTR-DBtC-Data-Scramble,DEV
https://github.com/smpardo/homework,HW
https://github.com/aespinosa/aespinosa.github.io,WEB
https://github.com/google/vector_math.dart,DEV
https://github.com/Somruethai/homework4,HW
https://github.com/Sporran/myrottenpotatoes,HW
https://github.com/mwangm/Manual,?
https://github.com/google/googletv-android-samples,DEV
https://github.com/groupme/bot-tutorial-nodejs,EDU
https://github.com/mboos/future-gtfs,DEV
https://github.com/xchataqua/xchataqua.github.io,WEB
https://github.com/Demoscai/CS-homework,HW
https://github.com/bitliner/Dataset01,DEV
https://github.com/apache/directory-shared,DEV
https://github.com/dmp1ce/ownersmanual,?
https://github.com/apache/maven-scm,DEV
https://github.com/silverstripe-archive/silverstripe-gridfieldajaxrefresh,DEV
https://github.com/thejakeyboy/umich-eecs545-lectures,EDU
https://github.com/pacebl/pacebl.github.io,WEB
https://github.com/sincoder/sinpeloader,DEV
https://github.com/northofthree/northofthree.github.io,WEB
https://github.com/HHS-IntroProgramming/ggame-tutorials,EDU
https://github.com/andreirusu/netlogo-cluster-viewer,DEV
https://github.com/apache/ofbiz,DEV
https://github.com/openMVG/ImageDataset_SceauxCastle,DATA
https://github.com/sumanvyj/yelp-review-classifier,DEV
https://github.com/empenguinxh/emacs-tutorial-in-chinese,EDU
https://github.com/google/pepper.js,DEV
https://github.com/douglarek/douglarek.github.io,WEB
https://github.com/lucasderraugh/AppleProg-Cocoa-Tutorials,EDU
https://github.com/amcclosky/mysql-export,DEV
https://github.com/murz/million-song-sandbox,?
https://github.com/casper-astro/tutorials_devel,EDU
https://github.com/apache/maven-plugin-testing,DEV
https://github.com/errordeveloper/errordeveloper.github.io,WEB
https://github.com/sequelize/doc,DOCS
https://github.com/cboden/Ratchet-examples,EDU
https://github.com/iaperez/DataMiningProject-WhoMadeThatMovie,DEV
https://github.com/shibani/Homework01,HW
https://github.com/wltrimbl/testrepo-2013-06-chicago,DATA
https://github.com/bbc/rdfspace,DEV
https://github.com/rubyftw/rubyftw.org,WEB
https://github.com/andreyslyusar/testDrivenStudy,?
https://github.com/Jell/jawaninja,WEB
https://github.com/bmad/appmap,DEV
https://github.com/estherbester/smc-c,HW
https://github.com/commonsguy/cw-lunchlist,EDU
https://github.com/gmazza/blog-samples,EDU
https://github.com/egeloen/egeloen.github.io,WEB
https://github.com/Mironor/Play-2.0-Java-MongoDb-Jackson-exemple,DEV
https://github.com/kwstat/agridat,DATA
https://github.com/bluehawk/kohanut-doc,DOCS
https://github.com/SKAhack/skahack.github.io,WEB
https://github.com/apache/jspwiki,DEV
https://github.com/toniomg/TutorialParseBaaS,EDU
https://github.com/sgauria/mnist,DATA
https://github.com/nmorel/homework,HW
https://github.com/tjwallace/tjwallace.github.io,WEB
https://github.com/cioc/UnHackathon-Doom,DATA
https://github.com/benaldred/cssdoc,DEV
https://github.com/qualiancy/seed-riak,DEV
https://github.com/zabbal/zabbal.github.io,WEB
https://github.com/philip/php_rst,?
https://github.com/facebook/jcommon,DEV
https://github.com/kogakure/gulp-tutorial,EDU
https://github.com/tsabat/tsabat.github.io,WEB
https://github.com/deckerbd/Homework1,HW
https://github.com/baoilleach/Kirchmair-dataset,DATA
https://github.com/CodingDojo/codingdojo.github.io,WEB
https://github.com/nohuhu/Ext.ux.data.proxy.PagingMemory,DEV
https://github.com/google/gumbo-parser,DEV
https://github.com/facebook/libphenom,DEV
https://github.com/srse/impress-js-article-extensions,DEV
https://github.com/BioinformaticsSpring2015/BioinformaticsMaterials,EDU
https://github.com/nitnelave/pycaffe_tutorial,EDU
https://github.com/tradero/windev,?
https://github.com/lencse/Numerical-analysis-2011,HW
https://github.com/videojuicer/core-api-docs,DOCS
https://github.com/osdf/datasets,DEV
https://github.com/tfranks/TerrieFranks,HW
https://github.com/apache/couchdb,DEV
https://github.com/apache/roller,DEV
https://github.com/danilosouzajesus/ExecutionManager,?
https://github.com/nickrod518/csci373-quest7,HW
https://github.com/iancooper/Microservices-Tutorial,EDU
https://github.com/peachvich/homework2,HW
https://github.com/adam-m-mcelhinney/MCS507Homework4,HW
https://github.com/tfredrich/RestApiTutorial.com,EDU
https://github.com/apache/openjpa,DEV
https://github.com/okfn/opendatasites,DATA
https://github.com/google/uri.dart,DEV
https://github.com/priya-I/AOMining,DEV
https://github.com/awatson1978/d3-flare-demo,DEV
https://github.com/olyaandrosik/homework1,HW
https://github.com/apache/apr-iconv,DEV
https://github.com/apache/directory-clients,DEV
https://github.com/tomrittervg/simple-crypto-pack,DEV
https://github.com/jakubkulhan/cc16-java-intro,EDU
https://github.com/twigkit/worldfactbook-dataset,DATA
https://github.com/vasily-knk/cg-homeworks-xna,HW
https://github.com/Netrimos/DS2JSON,DATA
https://github.com/apache/maven-jxr,DEV
https://github.com/naamsupicha/homework..2,HW
https://github.com/jugglingnutcase/jugglingnutcase.github.io,WEB
https://github.com/ccoenraets/ionic-tutorial,EDU
https://github.com/Rhaptos/Products.ZPsycopgDA,?
https://github.com/dnouri/kfkd-tutorial,EDU
https://github.com/SomMeri/org.meri.jpa.tutorial,EDU
https://github.com/robotlegs/robotlegs-framework,DEV
https://github.com/maxfarseer/redux-ru-tutorial,EDU
https://github.com/kentbrew/kentbrew.github.io,WEB
https://github.com/bearprada/f5-android-practice,?
https://github.com/leesavide/abcplus,DOCS
https://github.com/DimShadoWWW/svn2git_manual,DOCS
https://github.com/google/developer.github.com,DOCS
https://github.com/awakecoding/RdpConfig,?
https://github.com/sharifulin/pod2-ru,DOCS
https://github.com/untidy-hair/DB_to_Fixtures,DEV
https://github.com/philss/newvision,HW
https://github.com/cacounicamp/Manual-do-Bixo,DOCS
https://github.com/MyArthuritis/myarthuritis.github.io,WEB
https://github.com/kaitklochkova/Kaitklochkova-s-homework,HW
https://github.com/cernoch/SM-Mutagen,DATA
https://github.com/zhendanzhu/550400homeworkset1,HW
https://github.com/sesho/Homework-10-5,HW
https://github.com/in28minutes/MavenIn28Minutes,EDU
https://github.com/trevorgerhardt/trevorgerhardt.github.io,WEB
https://github.com/mstrcnvs/mstrcnvs.github.io,WEB
https://github.com/facebook/facebook-oss-pom,DEV
https://github.com/joshmoore/joshmoore.github.io,WEB
https://github.com/tjluoma/John-Cleese-on-Creativity,EDU
https://github.com/nikkobautista/laravel-tutorial,EDU
https://github.com/google/lmctfy,DEV
https://github.com/apache/maven-archetype,DEV
https://github.com/sandkingpop/Homework2,HW
https://github.com/HandasaimSoftwareProject/GitHubTutorial,EDU
https://github.com/google/gwtmockito,DEV
https://github.com/log0/wine_quality_data_set,DEV
https://github.com/kaminp/homework2,HW
https://github.com/baidu/bfs,DEV
https://github.com/allenwong/MakeIconsWithSketch,EDU
https://github.com/RobinThrift/metalsmith-tutorial,EDU
https://github.com/phatblat/phatblat.github.io.bak,WEB
https://github.com/coffeescript-cookbook/coffeescript-cookbook.github.io,WEB
https://github.com/davesnowdon/nao-datasets,DATA
https://github.com/apache/maven-mercury,DEV
https://github.com/apache/nutch,DEV
https://github.com/otzy007/tema2pp-HaskellRobot,HW
https://github.com/google/traceur-compiler,DEV
https://github.com/livingston/livingston.github.io,WEB
https://github.com/zarino/type-in-some-data-tool,DEV
https://github.com/sitecorepm/DataSetsModule,DEV
https://github.com/totalrehab-pt/totalrehab-pt.github.io,WEB
https://github.com/thibaudcolas/stringtouri,DEV
https://github.com/nov/nov.github.io,WEB
https://github.com/matbu/testingdoc,?
https://github.com/google/safevarargs,DEV
https://github.com/f1vlad/f1vlad.github.io,WEB
https://github.com/paulrobertlloyd/roadtrip,EDU
https://github.com/obeattie/pdfminer,DEV
https://github.com/mcramm/mcramm.github.io,WEB
https://github.com/google/CSP-Validator,DEV
https://github.com/LakshayaG73/CIS-120-,HW
https://github.com/apache/tika,DEV
https://github.com/jtza8/Lispdoc,?
https://github.com/Azure-Vani/homework,HW
https://github.com/skade/yard-test,?
https://github.com/apache/maven-enforcer,DEV
https://github.com/jmcdermott/chronicle,DEV
https://github.com/apache/servicemix-documentation,DEV
https://github.com/ajayrkp/Day4,HW
https://github.com/adamancini/html5-dataset,DATA
https://github.com/kar2905/hw1-kmandavi,HW
https://github.com/NETTUTS/Using-Faye-As-A-Real-Time-Push-Server-In-Rails,EDU
https://github.com/pixelles/mtm1531-homework-6,HW
https://github.com/imagem/GeoDataToolkit,DEV
https://github.com/straup/naturalearth-tools,DEV
https://github.com/google/libcxx,DEV
https://github.com/oryband/homework,HW
https://github.com/d3designs/mdocs,?
https://github.com/benjaminlong/ARInteractiveManual,DEV
https://github.com/DanieleP/PA3-tutorial,EDU
https://github.com/apache/maven-site,DEV
https://github.com/prigazzi/slider-jquery,EDU
https://github.com/torch/tutorials,EDU
https://github.com/apache/harmony-jdktools,DEV
https://github.com/padrino/padrino-framework,DEV
https://github.com/tnm/redis-site,WEB
https://github.com/enyo/enyo.github.io,WEB
https://github.com/gryerson/homework,HW
https://github.com/andrewcwright/MMAskingForInfo,DOCS
https://github.com/bennedich/bennedich.github.io,WEB
https://github.com/jackweinbender/sblhs-latex,EDU
https://github.com/gelmitsu/AdvancedEngineeringMaterials,EDU
https://github.com/memaldi/LDClassifier,DEV
https://github.com/bxtr/calc_java,HW
https://github.com/paulosman/paulosman.github.io,WEB
https://github.com/choan/jsdoctoolkit-tmbundle,?
https://github.com/DjangoGirls/tutorial,EDU
https://github.com/apache/maven-pom,DEV
https://github.com/bcollier/Pig-Analysis---Wikipedia-Dataset,DATA
https://github.com/google/module-server,DEV
https://github.com/bpwong/Homework02,HW
https://github.com/apache/directory-installers,DEV
https://github.com/CinderellaLee/test,HW
https://github.com/ejholmes/ejholmes.github.io,WEB
https://github.com/benoitc/couchdocs,DOCS
https://github.com/mitio/mitio.github.io,WEB
https://github.com/Agent007/Homework1,HW
https://github.com/otilas/matching,DEV
https://github.com/bobboau-crossfire/project1,?
https://github.com/atduskgreg/atduskgreg.github.io,WEB
https://github.com/apache/struts1,DEV
https://github.com/allangj/ServerThreat,HW
https://github.com/apache/lucenenet,DEV
https://github.com/artkirienko/int-flip,HW
https://github.com/dva/dva.github.io,WEB
https://github.com/rdelbru/trec-entity-tool,DEV
https://github.com/essrand/Turiya,?
https://github.com/usmanity/git-shortener,DEV
https://github.com/google/google-api-ruby-client-samples,DEV
https://github.com/peeppullerits/phpunit-yaml-dataset-helper,DEV
https://github.com/apache/apr-util,DEV
https://github.com/apache/directory-daemon,DEV
https://github.com/yangboz/UFOSightings,?
https://github.com/google/quiver-dart,DEV
https://github.com/liamartinez/iOS-Dev-homework,HW
https://github.com/ryanve/dope,DEV
https://github.com/SenecaAutomation/IntrosManual,DOCS
https://github.com/jasnow/rotten_potatoes,HW
https://github.com/mangege/mangege.github.io,WEB
https://github.com/martinisoft/martinisoft.github.io,WEB
https://github.com/ric03uec/nodeblox,EDU
https://github.com/scottbromander/express_passport_lecture_start,?
https://github.com/abhaysharma/mtm1526-homework-6,HW
https://github.com/apache/maven-plugin-tools,DEV
https://github.com/mwunsch/mwunsch.github.io,WEB
https://github.com/google/zimu,DEV
https://github.com/mihahribar/mihahribar.github.io,WEB
https://github.com/apache/harmony-classlib,DEV
https://github.com/Anakeen/dynacase-doc-dashboard-reference,DOCS
https://github.com/google/patchfield,DEV
https://github.com/JoelQ/hystorical,?
https://github.com/hugowetterberg/svpt-vs-swtw,DOCS
https://github.com/sugestio/documentation,DOCS
https://github.com/cocoahero/gitio,DEV
https://github.com/juliamae/juliamae.github.io,WEB
https://github.com/google/go-github,DEV
https://github.com/google/episodes.dart,DEV
https://github.com/manuelp/manuelp.github.io,WEB
https://github.com/dalloliogm/bio-test-datasets-repository,DATA
https://github.com/dkerwin/dkerwin.github.io,WEB
https://github.com/ChristineCat/day04,HW
https://github.com/baidu/iot-edge-sdk-for-iot-parser,DEV
https://github.com/hazzik/hazzik.github.io,WEB
https://github.com/dogancelik/dogancelik.github.io,WEB
https://github.com/jam1015/550400.homeworkset1,HW
https://github.com/njakob/leukemia,DEV
https://github.com/adfuhr/homework4,HW
https://github.com/jsdoc3/jsdoc,?
https://github.com/audiohacked/audiohacked,?
https://github.com/leavehm/leavehm.github.io,WEB
https://github.com/ivanzhangwb/ManualInterpose,?
https://github.com/kennethreitz/tablib,DEV
https://github.com/SvetlinVladov/Homework,HW
https://github.com/leeluolee/leeluolee.github.io,WEB
https://github.com/kylehg/kylehg.github.io,WEB
https://github.com/wdi-sf-jan-2014/notes,EDU
https://github.com/dinomite/dinomite.github.io,WEB
https://github.com/willu47/ExpertElicitation,?
https://github.com/mossnz/mossnz.github.io,WEB
https://github.com/shedd/shedd.github.io,WEB
https://github.com/Mendor/sublime-erlyman,?
https://github.com/jpcaruana/jpcaruana.github.io,WEB
https://github.com/azat-archive/homework-ta,DEV
https://github.com/ashteya/ionic2-tutorial-pouchdb,EDU
https://github.com/rkempter/collaborative-filtering-recommander,DEV
https://github.com/mattsfrey/GSRS,DEV
https://github.com/apache/directory-project,DEV
https://github.com/deckerbd/HW2,HW
https://github.com/KWMalik/Homework-3,HW
https://github.com/sirupsen/sirupsen.github.io,WEB
https://github.com/apache/maven,DEV
https://github.com/oManual/omanual,?
https://github.com/hermannloose/cfcss-samples,?
https://github.com/yazgoo/mt5_extraction_tools,DEV
https://github.com/mauricesvay/Routino,DEV
https://github.com/Brackeys/Tower-Defense-Tutorial,EDU
https://github.com/folsen/folsen.github.io,WEB
https://github.com/j-pastor/koala,?
https://github.com/apache/maven-doxia,DEV
https://github.com/ulmangt/csi747,HW
https://github.com/bichiliad/Homework-4,HW
https://github.com/apache/shindig,DEV
https://github.com/owainlewis/awesome-artificial-intelligence,EDU
https://github.com/ansible/ansible.github.com,WEB
https://github.com/apache/maven-repository-tools,DEV
https://github.com/Cornell-CS5356-Fall2015/cs5356,EDU
https://github.com/xiaoleiy/idealab.github.io,WEB
https://github.com/zwy1135/Homework,HW
https://github.com/foxrw/Data,DATA
https://github.com/letitia/song-lyric-analysis,DEV
https://github.com/facebook/open-graph-protocol,WEB
https://github.com/aidashadifar/my-homework,HW
https://github.com/thomas7/Homework_Five,HW
https://github.com/dancoates/locationcomplete,DEV
https://github.com/marcinwyszynski/flex_ticker,DEV
https://github.com/mmcgrana/fleetdb.org,WEB
https://github.com/apache/sanselan,DEV
https://github.com/poppornpeetapa/Homework2_1,HW
https://github.com/apache/httpd,DEV
https://github.com/DaweiCheng/isotope-tutorial,EDU
https://github.com/RedTeamCOSC470/Documentation,DOCS
https://github.com/codeship/jet-tutorial,EDU
https://github.com/dexteryy/JSMatchismo,DEV
https://github.com/rekursiv/stepperature,?
https://github.com/apache/cassandra,DEV
https://github.com/pdurusau/manual,DOCS
https://github.com/apache/tapestry4,DEV
https://github.com/thawatchai/classstart-user-manual,?
https://github.com/Anakeen/dynacase-doc-document-grid-reference,DOCS
https://github.com/otzoran/openstack-grizzly-installer,?
https://github.com/google/dart-sync-socket,DEV
https://github.com/MelinkJL/HW02,HW
https://github.com/mcconkiee/EMHint,DEV
https://github.com/theodi/data_kitten,DEV
https://github.com/trickl/trickl-dataset,DEV
https://github.com/mboos/grt-gtfs,DATA
https://github.com/aliuy/grphin,DEV
https://github.com/Swizec/github-nightowls,?
https://github.com/letitia/song-lyric-analysis,DEV
https://github.com/Netrimos/DS2JSON,DEV
https://github.com/gilbo/mnist-active-experiments,DEV
https://github.com/baoilleach/Kirchmair-dataset,DATA
https://github.com/luispedro/milksets,DATA
https://github.com/datanalysis15m/datasets,DATA
https://github.com/jmcastagnetto/ubigeo-peru,DEV
https://github.com/adrienne/alt_MultiField.ee_addon,DEV
https://github.com/zeehio/msProstate,DATA
https://github.com/sidooms/MovieTweetings,DATA
https://github.com/sgauria/mnist,DATA
https://github.com/funzoneq/video_fingerprinting,DEV
https://github.com/gyordanov/sequel_extjs,DEV
https://github.com/hack4reno/hack4reno-datasets-2011,DATA
https://github.com/awatson1978/d3-flare-demo,DEV
https://github.com/ngcrawford/CloudForest,DEV
https://github.com/awatson1978/dataset-dowjones,DATA
https://github.com/statwonk/titanic,?
https://github.com/kevinsigwart/AGOL_MultiDimTemplate,DEV
https://github.com/treyhunner/databundles,DEV
https://github.com/wavebane/random_dataset,?
https://github.com/openMVG/ImageDataset_SceauxCastle,?
https://github.com/straup/naturalearth-tools,DEV
https://github.com/lemurproject/nopol,DEV
https://github.com/7andrew7/ClueParse,DEV
https://github.com/kwijibo/RDF-Dataset-Combiner,DEV
https://github.com/volpino/openlayers-timeline,DEV
https://github.com/osdf/datasets,?
https://github.com/ejmeij/trec-kba,DEV
https://github.com/jzook/genome-data-integration,DEV
https://github.com/puntofisso/RS-NationalPupilDataset,?
https://github.com/xnlogic/pacer-examples-enron,?
https://github.com/awatson1978/dataset-customers,DEV
https://github.com/timmassingham/simNGS,DEV
https://github.com/yl790/MNIST-related-code,DEV
https://github.com/villani/experiments02,?
https://github.com/AndreaCensi/dataset_turtle_dvs,?
https://github.com/gajus/table-sort,DEV
https://github.com/zarino/type-in-some-data-tool,?
https://github.com/eljefe6a/nfldata,DEV
https://github.com/siwells/dataset_moral.maze,DATA
https://github.com/amergin/neo4j-import,DEV
https://github.com/bunkdeath/imdb-to-sql,DEV
https://github.com/wavewave/madgraph-auto-dataset,DATA
https://github.com/maxogden/correlates,DEV
https://github.com/Hydriz/Balchivist,DEV
https://github.com/priya-I/AOMining,DEV
https://github.com/jmay/dataset,DEV
https://github.com/ehtsham/Movie-Recommendation-Engine-for-Netflix-and-Movielens-datasets,DEV
https://github.com/balrog-kun/shrtnms,DEV
https://github.com/okfn/opendatasites,DATA
https://github.com/jfelectron/Statiscal-analysis-of-large-biologial-datasets,?
https://github.com/dalloliogm/bio-test-datasets-repository,DATA
https://github.com/open-data/opendata_package,DEV
https://github.com/discogs/hdf2json,DEV
https://github.com/e9t/uci-datasets,?
https://github.com/gunnarmorling/scriptable-dataset,?
https://github.com/hadley/bigvis,DEV
https://github.com/goodfeli/ContestDataset,?
https://github.com/awatson1978/dataset-icd10,?
https://github.com/anaved/django-dumpp,?
https://github.com/hay/amsterdammuseum,DATA
https://github.com/DennisDean/HapCreateDB,DEV
https://github.com/audy/smalldata,DATA
https://github.com/catherinedevlin/opensourceshakespeare,DATA
https://github.com/ThomasAllanLamb/n-camera,DEV
https://github.com/sneumann/mtbls2,?
https://github.com/jdsharp/jquery-dataset,DEV
https://github.com/AKSW/openspending2rdf,DEV
https://github.com/brian-cleary/LatentStrainAnalysis,DEV
https://github.com/chrismale/elasticsearch-spatial-dataset,DEV
https://github.com/triceam/MegaList,DEV
https://github.com/njakob/leukemia,DEV
https://github.com/unorthodox123/RacialDotMap,DEV
https://github.com/DeepInTheCode/HackHou,DATA
https://github.com/jamhall/ILLDataCiteDOIBundle,DEV
https://github.com/asascience-open/arcmap-roms-regrid,DEV
https://github.com/vertex/TucsonAPI,?
https://github.com/erinaceous/natureskin,DEV
https://github.com/arangodb/example-datasets,DATA
https://github.com/rkempter/collaborative-filtering-recommander,EDU
https://github.com/alexdthomas/EMP_GIS_query_tool,DEV
https://github.com/mainehackerclub/bangor,DATA
https://github.com/courtneypk/CIBMTR-DBtC-Data-Scramble,DEV
https://github.com/murz/million-song-sandbox,?
https://github.com/biogeo/electrophysiology,DEV
https://github.com/percyliang/mlcomp,WEB
https://github.com/ciudadanointeligente/ckanext-forms,DEV
https://github.com/HelloWorldCN/MapReduceMine,DEV
https://github.com/hromi/SMILEsmileD,?
https://github.com/kwstat/agridat,DATA
https://github.com/derekeder/Socrata-to-FusionTables,DEV
https://github.com/rkrzr/dataset-random,DATA
https://github.com/nvkelso/natural-earth-vector,DATA
https://github.com/srobb1/tools,DEV
https://github.com/linqs/apan,?
https://github.com/datosPublicosAR/datasets,?
https://github.com/evandrix/dataset-hashes,DATA
https://github.com/MerlinDMC/smartos-public-dsapi,DEV
https://github.com/dancoates/locationcomplete,DEV
https://github.com/Q1I/solrsearch,DEV
https://github.com/skuehn/datacube-space-eval,DEV
https://github.com/mikinw/DataSet,?
https://github.com/SakuraSound/MADden,?
https://github.com/iaperez/DataMiningProject-WhoMadeThatMovie,?
https://github.com/villani/experiments03,?
https://github.com/kennethreitz/tablib,?
https://github.com/jrnold/r-smss,DEV
https://github.com/leogrim/cs229_yelp_bayesian_rating,HW
https://github.com/mboos/future-gtfs,DEV
https://github.com/AlexisMaizel/Virtual_Lateral_Roots,DATA
https://github.com/bitliner/Dataset01,?
https://github.com/bbc/rdfspace,DEV
https://github.com/ulmangt/climate-change-data,DATA
https://github.com/alexmace/datasetcreator,?
https://github.com/wltrimbl/testrepo-2013-06-chicago,DATA
https://github.com/tbranyen/miso.fs,DEV
https://github.com/shriphani/cancer_data,DEV
https://github.com/matpalm/common-crawl,DEV
https://github.com/CIShell/CIShell,DEV
https://github.com/TeamCohen/secondstring,?
https://github.com/cioc/UnHackathon-Doom,?
https://github.com/dataoko/slobiro,DEV
https://github.com/hiyeshin/dataset,?
https://github.com/andreirusu/netlogo-cluster-viewer,?
https://github.com/seemuth/moodle-local_dataseteditor,DEV
https://github.com/jtprince/histogram,DEV
https://github.com/geojeff/kotti_user_manual,DOCS
https://github.com/mattsfrey/GSRS,DEV
https://github.com/more-rubenwardy/minetest-manual,?
https://github.com/garaemon/warashi,?
https://github.com/cacounicamp/Manual-do-Bixo,?
https://github.com/leafstorm/kelev-manual,DOCS
https://github.com/sentric/hannibal,DEV
https://github.com/jaromil/manuals,?
https://github.com/rjbs/pod-spec,?
https://github.com/PierreJasmin/manuals,DOCS
https://github.com/ohmage/ohmage-ubuntu-manual,DOCS
https://github.com/sharifulin/pod2-ru,DOCS
https://github.com/cdzombak/man-asardone,?
https://github.com/jeroenooms/opencpu-manual,DOCS
https://github.com/majetzx/lpm,?
https://github.com/stevedonovan/LDoc,DEV
https://github.com/didierverna/declt,?
https://github.com/amaurymartiny/Aff,?
https://github.com/scrawlers/Tombola-User-Guide-and-User-Manual,?
https://github.com/Kotti/kotti_user_manual,?
https://github.com/sproutcoreisyournewbicycle/djangocore-docs,DOCS
https://github.com/Rhaptos/Products.ZPsycopgDA,?
https://github.com/d3designs/mdocs,DEV
https://github.com/dprevost/errorparser,DEV
https://github.com/fak/pfam_maps_project,DEV
https://github.com/skade/yard-test,?
https://github.com/sincoder/sinpeloader,DEV
https://github.com/rkrzr/dataset-random,DATA
https://github.com/ammojamo/d8vo,?
https://github.com/rmanalan/bdoc,DEV
https://github.com/xioTechnologies/x-BIMU-User-Manual,?
https://github.com/vbellur/gfid,DEV
https://github.com/zendesklabs/time_tracking_app,DEV
https://github.com/nickfday/missing_manual_jQuery,?
https://github.com/pipolindo/petxines,?
https://github.com/gnufied/rbbr,DEV
https://github.com/tradero/windev,?
https://github.com/hermannloose/cfcss-samples,?
https://github.com/montagejs/the-little-binder,DOCS
https://github.com/MrFichter/RaspSort1,DEV
https://github.com/has3/ftwManual,DOCS
https://github.com/awakecoding/RdpConfig,DOCS
https://github.com/thawatchai/classstart-user-manual,DOCS
https://github.com/AtomicTagging/atomictagging-docs,DOCS
https://github.com/tobiastom/dockit,DEV
https://github.com/prasad-joshi/skiena,?
https://github.com/chithira/Final-sem-documentation,DOCS
https://github.com/nizzeberra/pua_manual,DOCS
https://github.com/tinacious/sc6train,?
https://github.com/apache/servicemix-documentation,DOCS
https://github.com/DeadDork/manuals,DOCS
https://github.com/RedTeamCOSC470/Documentation,DOCS
https://github.com/matbu/testingdoc,?
https://github.com/shearch/shearch,DEV
https://github.com/richardaday/sassdoc,DOCS
https://github.com/khuxtable/wagon-gitsite,?
https://github.com/garu/POD2-PT_BR,DOCS
https://github.com/jmcdermott/chronicle,?
https://github.com/akiyan/bootstrap-history,DOCS
https://github.com/wolfeidau/opensolaris-documentation,DOCS
https://github.com/jonclayden/r-manuals,?
https://github.com/codefirst/hoshi-mi-manual,DOCS
https://github.com/daFish/Zend_Service_Itunes,DEV
https://github.com/jennyhasahat/Player-Stage-Manual,DOCS
https://github.com/ohmage/ohmage-ubuntu-manual,DOCS
https://github.com/rekursiv/stepperature,DEV
https://github.com/joshwalters/VIM-as-an-IDE,DOCS
https://github.com/mwangm/Manual,?
https://github.com/maugier/torrentsync,DEV
https://github.com/daimrod/manual-tagging,?
https://github.com/ozkarca/Docs,DOCS
https://github.com/pjmlp/queue,DEV
https://github.com/ivanzhangwb/ManualInterpose,?
https://github.com/troywill/Grant-Linux-Server,?
https://github.com/LamiDuDeveloppeur/mce-tag-button-wordpress,DEV
https://github.com/videojuicer/core-api-docs,DOCS
https://github.com/geojeff/kotti_user_manual,DOCS
https://github.com/palcu/leo-manual,?
https://github.com/obeattie/pdfminer,DEV
https://github.com/BIC-MNI/BEaST_library,DEV
https://github.com/phpDocumentor/phpDocumentor2,DEV
https://github.com/NothingInteractive/contao-geodomains,DEV
https://github.com/melvincheung/mjp_manual,DOCS
https://github.com/tapper/Tapper-Manual,DOCS
https://github.com/bundler/bundler-site,?
https://github.com/dominic-p/videojs-resolution-selector,DEV
https://github.com/irskep/pyglettutorial,?
https://github.com/benaldred/cssdoc,DEV
https://github.com/audiohacked/audiohacked,?
https://github.com/rkh/yard-sinatra,DEV
https://github.com/zabuton-dev/project-meta,DOCS
https://github.com/mmcgrana/clj-doc,?
https://github.com/ePaul/jsch-documentation,?
https://github.com/jisaacks/SvgClock,?
https://github.com/erikh/gap-docs,DOCS
https://github.com/aoloe/scribus-manual-for-editors,OTHER
https://github.com/williamjxj/wordpress_blog_template,?
https://github.com/frankarce/controlador,OTHER
https://github.com/martyr-deepin/deepin-user-manual,?
https://github.com/marcinwyszynski/flex_ticker,DEV
https://github.com/wy51r/MovieLen-resys,DEV
https://github.com/guiocm/naivebayes-tbir,HW
https://github.com/dataparadigms/datasets,DATA
https://github.com/mridulgp/Machine-Learning-Large-Datasets,?
https://github.com/seagent/DatasetCacher,DEV
https://github.com/qualiancy/seed-filestore,DEV
https://github.com/sebhoss/datasets,DATA
https://github.com/project-open-data/kickstart,DEV
https://github.com/ariddell/datasets,DATA
https://github.com/smcintosh/WoC_classifier,DEV
https://github.com/parag1102/BayesianClassifier,?
https://github.com/namitk/ml-with-large-datasets,HW
https://github.com/Rdot/ExtendedVisualizers,DEV
https://github.com/leonfrench/ABAMS,DEV
https://github.com/chiquiesteban/barchart-selector,DEV
https://github.com/ragrawal/meetup,?
https://github.com/mabdi/Fifa98DS,DEV
https://github.com/OutliersCollective/Indultos,?
https://github.com/jjmontesl/cubesviewer,DEV
https://github.com/spatchcock/calcJSON,?
https://github.com/yanii/kitti-pcl,DEV
https://github.com/seinecle/Calenicon,DEV
https://github.com/RichardLam007/restaurantrecommender,DEV
https://github.com/uny/DatasetCropper,DEV
https://github.com/qinqian/d2genes,?
https://github.com/douglasgscofield/data,DATA
https://github.com/alexkongg/MapReduce_RelationalCoOccurrence,DEV
https://github.com/petar/GoMNIST,DEV
https://github.com/demtech/election-data,DATA
https://github.com/kpobococ/Mootools-dataset,DEV
https://github.com/heim/mongodb-shard-example,DEV
https://github.com/davbo/olympic-data,?
https://github.com/maxogden/common-english-errors,DATA
https://github.com/Banta/MediShare,?
https://github.com/pridkett/gitminer-data-rails,DATA
https://github.com/markeroon/file_management,DEV
https://github.com/AKSW/DALI,DEV
https://github.com/renatopp/arff-datasets,DATA
https://github.com/qiime/QIIME-Scaling,DEV
https://github.com/b1tr0t/django-metrics,?
https://github.com/jfein/PySocrataClient,DEV
https://github.com/mboos/gtfs-tools,DEV
https://github.com/casunlight/AdvDatabases_Project3,DEV
https://github.com/fychao/ChineseMovieReviews,DATA
https://github.com/petrbouchal/ukgov-datagovuk,DEV
https://github.com/cquammen/CuratedDeconvolutionDatasets,?
https://github.com/knoldus/FormDemoInPlayWithMysql,DEV
https://github.com/synacor/dtk,DEV
https://github.com/pyarchinit/datasetMaster,?
https://github.com/aaliang/ArtistPairs,?
https://github.com/equaliser/Open-Data-Catalogue,?
https://github.com/mahir/TBMMViz,?
https://github.com/shiwalimohan/verb-dataset,DATA
https://github.com/mattmcvicar/death2chroma,DEV
https://github.com/jblas/jquery-dataset,?
https://github.com/outlandishideas/OrmLiteBundle,DEV
https://github.com/omardelarosa/comp_data_classwork,HW
https://github.com/luismasuelli/jackfrost,DEV
https://github.com/eponvert/corpora,DEV
https://github.com/weecology/retriever,DEV
https://github.com/chroman/df-gtfs,?
https://github.com/csessig86/iowa_salaries,?
https://github.com/grahamstark/local_benefits,?
https://github.com/tgpraveen/multi-module-gradient-based-learning,HW
https://github.com/GiPPe/room_availability,DEV
https://github.com/nextgis/votemapper_data,DATA
https://github.com/christopherpoole/PETDose,?
https://github.com/tetherless-world/iogds,?
https://github.com/nlextract/NLExtract,DEV
https://github.com/ahua/dataset,?
https://github.com/Revision24601/providersExperiment,?
https://github.com/durden/tablib,DEV
https://github.com/ashleygwilliams/appgen,DEV
https://github.com/ezkl/phishtank,?
https://github.com/dawenl/glad_cal500,?
https://github.com/maebert/knyfe,DEV
https://github.com/toboter/eywa,DEV
https://github.com/pudo/dataset,DEV
https://github.com/sanand0/data.gov.in,?
https://github.com/mikemorreale/msd-challenge,?
https://github.com/imbang/didahknmi,DATA
https://github.com/mmavcy/Arrhythmia-classification,DEV
https://github.com/wheeyls/finit,DEV
https://github.com/jtmoon/ExpressJS-Challenge-Dataset-Viewer,DEV
https://github.com/emilianomusi/anomalydetector,DEV
https://github.com/konfilios/bogo-yii-static-dataset,?
https://github.com/apcj/data-generator,DEV
https://github.com/hsenot/aemo,DATA
https://github.com/dharhas/smear,?
https://github.com/AKSW/aksw.publicdata.eu,?
https://github.com/kwylez/LoadMore,DEV
https://github.com/code42day/dataset,?
https://github.com/poneill/open_snp,DEV
https://github.com/luucee/scam2013,DATA
https://github.com/PaoloMissier/wikipedia-provenance,DEV
https://github.com/tofighi/Hand-Reader-Dataset,DATA
https://github.com/ipa320/cob_test_dataset,?
https://github.com/intermine/intermine-accordb,DEV
https://github.com/breuleux/bugland,DEV
https://github.com/antoroko/elusivegiants,DEV
https://github.com/cernoch/SM-Movies,?
https://github.com/ekta1007/Custom-Distance-function-for-typos-in-hand-generated-datasets-with-QWERY-Keyboard,DEV
https://github.com/cassell/Parm,DEV
https://github.com/roblanf/BenchmarkAlignments,DATA
https://github.com/kurekaoru/biomind_gaga,DEV
https://github.com/tdt/core,DEV
https://github.com/bslatkin/cohorts,DEV
https://github.com/tklovett/MaudeMiner,DEV
https://github.com/fulgura/millong-songs,DATA
https://github.com/rjurney/enron-hcatalog,?
https://github.com/wchorolque/dataset-mono,?
https://github.com/tothviktor/tech-interview-likestat-data,?
https://github.com/cmcbride/minimal_mangle,?
https://github.com/CPJKU/BallroomAnnotations,DATA
https://github.com/cs109/cs109_data,DATA
https://github.com/agabardo/nyc_restaurants,?
https://github.com/yvoyer/dataset-example,?
https://github.com/konfilios/bogo-dataset-iterators,?
https://github.com/mhkeller/tutorial-gdoc-miso-isotope,?
https://github.com/Brown-University-Library/mods_generator,?
https://github.com/hernamesbarbara/credit_card_anomalies,?
https://github.com/UCBAIR/b3do,DATA
https://github.com/agustafson/datasetdiff,?
https://github.com/akollegger/nosql-now,?
https://github.com/pavan046/benchmark-events-tweets-dataset,DATA
https://github.com/LinguList/TreBor,?
https://github.com/majorsilence/Dataset2Odf,?
https://github.com/luisibanez/ImageReconstruction,?
https://github.com/HashNuke/meteorites-data-scripts,?
https://github.com/kirangilvaz/gene-data,DEV
https://github.com/ShimuWu/ngramviewer,?
https://github.com/RenanFragatte/delphi-mvvm,?
https://github.com/gbonfant/Score.js,?
https://github.com/traw/jedisexample,?
https://github.com/shenzhun/comparative-study-of-MLP-classifiers-on-UCI-Datasets,?
https://github.com/mattsta/rets,?
https://github.com/drakedevel/NGramAnagram,?
https://github.com/sleepepi/sleepportal,?
https://github.com/joshz/snavigator,?
https://github.com/awatson1978/dataset-wordlist,?
https://github.com/liscustodio/C_MC33,?
https://github.com/SEL-Columbia/nmis_ui_data_7,?
https://github.com/jyodroid/hadoop_MillionSong,?
https://github.com/dberzano/proof-dataset-catalog,?
https://github.com/theodi/dataset-mod-disposals,?
https://github.com/marcphilipp/dbunit-datasetbuilder,?
https://github.com/hhroc/d3-vadir,?
https://github.com/chrisdchow/YelpMeOut,?
https://github.com/tuor713/dataset,?
https://github.com/openspending/openspending,?
https://github.com/bcopeland/bigdata,?
https://github.com/reprotector/MovielensRecommendation,?
https://github.com/chicagoruby/Windy-City-DB-Dataset,?
https://github.com/eclee25/flu-SDI-exploratory-age,?
https://github.com/rskelly/canvecj,?
https://github.com/EmpregoLigado/BrazilianPhoneValidator,?
https://github.com/andyberry88/CHScot2013UniformApi,?
https://github.com/JeffPaine/nhd_downloader,?
https://github.com/alexanderpanchenko/sn,DATA
https://github.com/geocommons/geoiq-drupal-plugin,?
https://github.com/kachkaev/KachkaevDAFBundle,?
https://github.com/gavrus/SampleMaker,?
https://github.com/Paolopost/PEK-TRAC,?
https://github.com/tholst/rdfSynopsis,?
https://github.com/wwwiiilll/CLGHR,?
https://github.com/VivekNair/SC-Visualization,?
https://github.com/geosolutions-it/figis-tools-OLD,?
https://github.com/igrep/tsv2dataset,?
https://github.com/lassounski/PubMed-Dataset,?
https://github.com/ssb402/Analytics,?
https://github.com/ashishsaxena/reconciliation-tool,?
https://github.com/qualiancy/seed-redis,?
https://github.com/rhema/datasets,?
https://github.com/mtholder/swc-tree-support-ex,?
https://github.com/theHeimes/DataSetComparator,DEV
https://github.com/darkjh/mapreduce-algos,HW
https://github.com/RobersonLab/snpduo,DEV
https://github.com/admorgan/pcgen-eberron,DATA
https://github.com/mtholder/git-intro-swc-ks,?
https://github.com/crcox/JLPeacock_JNeuro2008,?
https://github.com/yolken/dspltools,?
https://github.com/ChrisCong/ECS163-Final-Project,?
https://github.com/nebeleh/EVA,?
https://github.com/angusforbes/VirtualDatasets,?
https://github.com/knowitall/yelp-dataset-challenge,?
https://github.com/JakeBecker/hadoop-enron,?
https://github.com/dimatura/getpubfig,?
https://github.com/didymus13/django-Bloodbowl-Dataset,?
https://github.com/emanuele/pypbc,?
https://github.com/lylewinton/VUANDS100,?
https://github.com/krosaen/rtf-datasets,DATA
https://github.com/bblay/vizmap,?
https://github.com/marquinhe/GovHack2013,?
https://github.com/theodi/test-data,?
https://github.com/zarino/export-calendar-tool,?
<<<<<<< HEAD
https://github.com/mrginglymus/gibson-manual DOCS
https://github.com/greenruby/alamano ?
https://github.com/jpa/Moose-Doc-JA DOCS
https://github.com/hjliang/sublime-text2-manual DOCS
https://github.com/albertoperdomo/amqp_examples ?
https://github.com/klusta-team/klustaviewa ?
https://github.com/pmarti/pyclutter ?
https://github.com/peasantoid/punt-doc DOCS
https://github.com/Ardour/manual ?
https://github.com/jcamacho2012/ManualPython-ReporteExperiencias DOCS
https://github.com/RFO-BASIC/De-Re-Basic DOCS
https://github.com/jg1141/20timeacademy ?
https://github.com/UnionOfRAD/manual DOCS
https://github.com/kolpanic/Open-rdar ?
https://github.com/gnomex/TryManualDB_HomeBanking ?
https://github.com/azavea/django-registration ?
https://github.com/stevejalim/django-help-pages ?
https://github.com/hubspace/fuel-breadcrumb ?
https://github.com/rreinig/Manual ?
https://github.com/FooBarWidget/mizuho DEV
https://github.com/aoloe/scribus-manual-introduction DOCS
https://github.com/waggles/kuwarta ?
https://github.com/dcmi/vocabtool ?
https://github.com/mdean77/cds-user-manual DOCS
https://github.com/arael/Moodle_MobileManual_auth_plugin ?
https://github.com/gunn/EverythingDoc-tmbundle ?
https://github.com/cms-cvs-history/Documentation-ReferenceManualScripts ?
https://github.com/swanjohn99/mdescreen ?
https://github.com/pestrov/Core-Data-Migration ?
https://github.com/volpino/docs-EURAC DOCS
https://github.com/mikedamage/rdoc.info-bookmarklet ?
https://github.com/juliopalro/Tutorial_Sass_en_spanish ?
https://github.com/vincemulhollon/n8vem-buildersnotes DOCS
https://github.com/hmrm/PrototypeAnimeRecommender ?
https://github.com/patrickkettner/travis-ping ?
https://github.com/rane/gentoo-docs-pl ?
https://github.com/redguardtoo/wxwidgets-help ?
https://github.com/marcuslobo/manual ?
https://github.com/michal-kocarek/mediamonkey-updateplaystats ?
https://github.com/coordt/ADCtheme ?
https://github.com/haggaie/stm_project_DOCS
https://github.com/collectivecolors/flex-DataTestApp ?
https://github.com/GlennPorter/css3-tutorials ?
https://github.com/jiva-technology/jsdoc-toolkit ?
https://github.com/cubiclesoft/portable-apache-mysql-php-for-windows ?
https://github.com/dblack/keywords ?
https://github.com/sphinxdoc/sphinx-github ?
https://github.com/xianyun9527/hpc-manual-class ?
https://github.com/mrsimo/pfc-doc DOCS
https://github.com/pavelm2007/jimage ?
https://github.com/janlugt/gm_apps ?
https://github.com/santony/Documentation ?
https://github.com/pawsong/grunt-manual ?
https://github.com/Nanopublication/ManualNanopublicationTools ?
https://github.com/oreissig/FOOTRAN-I DEV
https://github.com/scottdupoy/strava_manual_uploader ?
https://github.com/Anakeen/dynacase-doc-platform-operating-manual DOCS
https://github.com/JHSaunders/masters ?
https://github.com/mdsmus/goiaba-DOCS
https://github.com/JoanZapata/simple-mapper ?
https://github.com/pdx-code/org-manual ?
https://github.com/xirukitepe/manual_crud ?
https://github.com/meh/lulzjs-documentation DOCS
https://github.com/zarate/xdoc ?
https://github.com/pedcremo/set_i_mig ?
https://github.com/abyrd/graphserver_DOCS
https://github.com/marcomaggi/nimby-doc ?
https://github.com/hypernumbers/hypernumbers-api-manual DOCS
https://github.com/collectivecolors/flex-com.collectivecolors.utils ?
https://github.com/emacsmirror/java-class-doc ?
https://github.com/eneldoserrata/manual_de_procedimientos_eym_importadores ?
https://github.com/nevyn/pwcblocks ?
https://github.com/wolfie/lf_refdoc ?
https://github.com/GatorLUG/git-mini-manual ?
https://github.com/emacsmirror/pop-help-mode ?
https://github.com/jpa/MooseX-Getopt-Doc-JA DOCS
https://github.com/alexey-kolonitsky/flint-manual ?
https://github.com/stevepettifer/COMP101 ?
https://github.com/fusioninventory/fusioninventory-documentation ?
https://github.com/jupiterjs/jmvcdoc ?
https://github.com/mdsmus/cl-DOCS
https://github.com/bwhite/hadoopy ?
https://github.com/solomonwzs/peb_sw ?
https://github.com/marsmining/manual ?
https://github.com/saurabhksingh/ADM ?
https://github.com/shadow-robot/sr-ethercat-user-manual DOCS
https://github.com/steve1281/css3_missing_manual ?
https://github.com/rhrebecek/SSH2 ?
https://github.com/etimecowboy/lisps ?
https://github.com/jasonpark/MyManual ?
https://github.com/justquick/sphinx-schemes ?
https://github.com/hinrik/grok ?
https://github.com/wolfie/lightframe-documentation DOCS
https://github.com/rassilon/keepass ?
https://github.com/buzztaiki/eclimdoc ?
https://github.com/mikeboers/PublishLinker.lrdevplugin ?
https://github.com/snoyberg/yesodDOCS
https://github.com/rentzsch/MagicHat ?
https://github.com/tsdye/orgmanual ?
https://github.com/lzw/Master-s-Thesis---documentation ?
https://github.com/movabletype/Documentation ?
https://github.com/saucytiger/livepipe.net-documentation ?
https://github.com/kriskowal/whatsupdoc ?
https://github.com/andyprice/docidx.hs ?
https://github.com/bitovi/documentjs ?
https://github.com/wubx/manual56 ?
https://github.com/SkyKOG/My-Publications ?
https://github.com/Perl-Toolchain-Gang/cpan-api-buildpl ?
https://github.com/batchu/AngularManualBootStrap ?
https://github.com/jBox/ReadonManual ?
https://github.com/hanshuebner/lmman ?
https://github.com/othermedia/js-handbook DOCS
https://github.com/rwanda-rbc-emr/openmrs-module-rwandamanuals ?
https://github.com/ericholscher/django-testing-DOCS
https://github.com/professorNim/CBEY-Reclass-Form-UI ?
https://github.com/kentfredric/MooseX-Documentation ?
https://github.com/cored/maskeet-tutorial ?
https://github.com/JoshAshby/Robotbob ?
https://github.com/ipavl/UpdateChecker DEV
https://github.com/roylanceMichael/Algorithm_Design_Manual ?
https://github.com/nerduno/VectorClust ?
https://github.com/jandot/script_summoner ?
https://github.com/skoczen/the-steven-manual ?
https://github.com/chunhualiao/ROSE-web-DOCS
https://github.com/emyller/mandoo-DOCS
https://github.com/tfe/heroku-DOCS
https://github.com/CyberPingU/Manuale ?
https://github.com/martinqt/GitExtensionsDoc ?
https://github.com/KingCode/tikz-stuff DOCS
https://github.com/daaain/SmileBankStatementToCSV ?
https://github.com/rstacruz/SourceScribe ?
https://github.com/Teddytws/Land-of-Lines ?
https://github.com/rubyworks/qed ?
https://github.com/kucaahbe/devilspie2-rc ?
https://github.com/komLab/gpio_manual ?
https://github.com/asalber/manual_estadistica ?
https://github.com/Patater/manual ?
https://github.com/ghwilson4456/Ajax-Spinner-jQuery-Plugin ?
https://github.com/drupal-contrib-modules/token ?
https://github.com/SNestertsev/GPSMapper ?
https://github.com/somaproject/doctools ?
https://github.com/m-kawato/git-document-rewrite ?
https://github.com/jameskeane/directui ?
https://github.com/xioTechnologies/x-OSC-User-Manual ?
https://github.com/frank4565/HTTPCake ?
https://github.com/FernGlow/FGPagedTableViewController ?
https://github.com/hanshuebner/clixdoc ?
https://github.com/rotty/stexidoc ?
https://github.com/liangtai/gimp-doc-ja ?
https://github.com/helma/opentox-documentation ?
https://github.com/rjsteinert/GitHub-For-Writers-Manual ?
https://github.com/emsrc/hitaext ?
https://github.com/brianegan/CSScaffold.tmbundle ?
https://github.com/moderntribe/tribe-debugger-plugin ?
https://github.com/longhornxa/small-group-manual DOCS
https://github.com/andrewdyates/geo_downloader,DEV
https://github.com/rproepp/spykeviewer,DEV
https://github.com/jenbongo/monkeycruncher-data,DATA
https://github.com/mrflip/prep-wu-data,DEV
https://github.com/nhshackday/reference-datasets,DATA
https://github.com/petercrlane/chess-data,DEV
https://github.com/kentnl/Set-Associate,DEV
https://github.com/xwang438/movie_recommendation,DEV
https://github.com/kdrakon/sindice-dataset-spread-activation,DEV
https://github.com/yannistsiounis/twitterpython,?
https://github.com/300Notes/truelocal_data,DATA
https://github.com/knadh/datuk,DATA
https://github.com/timrdf/rdfstats,DEV
https://github.com/upennyayang/olympics-database-web-application,DEV
https://github.com/abishekk92/potter,DEV
https://github.com/gengyifeng/SciHive,DEV
https://github.com/bmcfee/msd_challenge,DEV
https://github.com/coreylynch/undersampler,DEV
https://github.com/Colingo/data-set,DEV
https://github.com/zutherb/city-country-dataset,DATA
https://github.com/MiaomiaoLiu/depthEstimation,?
https://github.com/ameya005/MNISTOpenCV,DEV
https://github.com/bibliotheeknl/Datalab,?
https://github.com/gina-alaska/feeder,DEV
https://github.com/lod-cloud/datahub2void,DEV
https://github.com/scraperwiki-archive/email-alert-tool,DEV
https://github.com/nybbles/kaggle,DATA
https://github.com/HowardvanRooijen/Ordnance-Survey-OpenData,DATA
https://github.com/edsu/kasabi-archive,DEV
https://github.com/aiwilliams/dataset,DEV
https://github.com/structureddynamics/OSF-Datasets-Management-Tool,DEV
https://github.com/theodi/dataset-metadata-survey,DATA
https://github.com/andrewvc/ee-datasets,?
https://github.com/saintsjd/imi-geo-boudaries,DEV
https://github.com/ukwa/opendata,DATA
https://github.com/pde/tosback2-data,DATA
https://github.com/killfill/dataset-builds,DEV
https://github.com/IntelligentRoboticsLab/Datasets,DATA
https://github.com/tovrstra/depix,DEV
https://github.com/metamolecular/pubcouch,DEV
https://github.com/shahrivari/networks,DATA
https://github.com/thenativeweb/datasette,DEV
https://github.com/buzeeg/datasettings,DEV
https://github.com/ChapterHouse/dataset,?
https://github.com/analytically/camelcode,DEV
https://github.com/springcch/dataset,OTHER
https://github.com/Geembo/making-javascript-beautiful,DEV
https://github.com/wija/json-database.js,DEV
https://github.com/p/ppg-datasets,DATA
https://github.com/jperla/sentiment-data,DATA
https://github.com/maxko87/yelp_dataset_challenge,DEV
https://github.com/ek2758/nyPrkngTkts,DEV
https://github.com/mcenirm/vovaf,DATA
https://github.com/norman/ambry,DEV
https://github.com/guyz/twitter-sentiment-dataset,?
https://github.com/pviotti/osm-viz,DEV
https://github.com/jamesrobertlloyd/dataset-space,DEV
https://github.com/jrnold/shiny_diamonds,DEV
https://github.com/masenf/mxm_k_means,DEV
https://github.com/nctoolbox/nctoolbox,DEV
https://github.com/uWaterloo/Parsers,DEV
https://github.com/ripple-unmaintained/federation-php,DEV
https://github.com/cioc/PyTinyImage,DEV
https://github.com/mching/furry-octo-dubstep,DEV
https://github.com/arademaker/qualis,DATA
https://github.com/IntersectAustralia/acdata-dataset-api,DEV
https://github.com/scottcheng/weibo-time-vis,DEV
https://github.com/shenzhun/creating-enron-spam-corpus-from-raw-data,?
https://github.com/davefowler/alternator,DEV
https://github.com/maxogden/datacouch,DEV
https://github.com/rsouza/MMD,?
https://github.com/earlywarningtoolbox/datasets,DATA
https://github.com/shibacow/niconico_dataset_add_smid,?
https://github.com/asolr/Graph,DEV
https://github.com/wormtable/wormtable,DEV
https://github.com/geosolutions-it/figis-tools,DEV
https://github.com/deviloflaplace/usps-recognition,?
https://github.com/vitorarins/Decaptcher,DEV
https://github.com/craigw/local_authority,DEV
https://github.com/sundi133/adwords_clusterinR,DEV
https://github.com/amyxzhang/Twitter-Analysis-with-Hadoop,DEV
https://github.com/ekansa/Open-Context-Data,DATA
https://github.com/senegalouvert/data,DATA
https://github.com/datafueled/datasets,?
https://github.com/CleanData/data-network,DEV
https://github.com/drfrink/Stock-DataSet-for-Technical-Analysis,DATA
https://github.com/kwijibo/trilby,DEV
https://github.com/yoko/jquery.dataset.js,DEV
https://github.com/glad2121/glad-dataset,?
https://github.com/renataghisloti/Recommender-System-SlopeOne-with-Movielens-Dataset,DEV
https://github.com/quhfus/table-disambiguation-corpus,DATA
https://github.com/mpsampat/M-FISH-chromosome,DATA
https://github.com/craigpemberton/taxonomy,DATA
https://github.com/pasted/clinical_variant_database,DEV
https://github.com/karpathy/researchpooler,DEV
https://github.com/percolator/percolator,DEV
https://github.com/lukagabric/LargeDatasetSample,DEV
https://github.com/shkelda/sovrospol,DATA
https://github.com/Nekroze/impyccable,DEV
https://github.com/neerajprad/mining-datasets,EDU
https://github.com/Yelp/dataset-examples,DEV
https://github.com/sbma44/py-gtfs-mysql,DEV
https://github.com/plexus/analects,?
https://github.com/PraiseSong/dataset,DEV
https://github.com/aristus/copymine-harvard,DEV
https://github.com/enricomarino/element-dataset,DEV
https://github.com/BarkingMouseStudio/idx,DEV
https://github.com/arc12/LAK-Dataset,?
https://github.com/tjdett/atom-dataset-provider,DEV
https://github.com/skendrew/milkywayproject_triggering,DEV
https://github.com/aespinosa/webserver-invariants,?
https://github.com/arinaschwartz/KNN-MNIST,DEV
https://github.com/open-austin/pull-data-portal-catalog,?
https://github.com/jacobhurst/troublesmcmc,OTHER
